34200.002040,1,ORD000000,190,999890,1
34200.002602,1,ORD000001,189,999802,1
34200.002784,3,ORD000000,9,999865,-1
34200.004192,1,ORD000003,144,999851,1
34200.005279,4,ORD000001,151,999992,-1
34200.007675,1,ORD000005,72,999924,-1
34200.007891,1,ORD000006,25,1000028,-1
34200.011182,1,ORD000007,138,999908,-1
34200.012788,4,ORD000003,148,999943,-1
34200.015754,1,ORD000009,60,999793,1
34200.019347,1,ORD000010,95,999923,1
34200.024866,1,ORD000011,156,1000067,1
34200.025222,4,ORD000005,70,1000169,-1
34200.028924,1,ORD000013,59,999758,1
34200.029061,1,ORD000014,55,1000177,-1
34200.031120,1,ORD000015,68,999813,1
34200.031729,1,ORD000016,150,1000046,-1
34200.032027,3,ORD000007,24,1000228,-1
34200.032359,1,ORD000018,175,999958,1
34200.034171,1,ORD000019,136,999970,-1
34200.034194,1,ORD000020,175,1000016,1
34200.035026,1,ORD000021,112,999922,-1
34200.039198,1,ORD000022,129,1000232,-1
34200.043287,4,ORD000006,164,1000101,-1
34200.044837,4,ORD000009,154,999902,1
34200.049056,1,ORD000025,62,999867,-1
34200.049220,4,ORD000010,18,1000227,-1
34200.055090,1,ORD000027,68,1000013,1
34200.055566,1,ORD000028,183,999902,1
34200.056501,1,ORD000029,31,999969,-1
34200.058276,3,ORD000027,151,999855,1
34200.060270,4,ORD000011,18,999759,1
34200.060923,3,ORD000025,55,1000116,-1
34200.062640,4,ORD000013,122,999948,1
34200.063515,3,ORD000015,120,1000216,-1
34200.063640,1,ORD000035,28,999970,-1
34200.063942,1,ORD000036,72,999979,1
34200.065113,1,ORD000037,13,1000076,1
34200.072060,4,ORD000014,43,999951,1
34200.076715,1,ORD000039,98,999746,1
34200.079780,1,ORD000040,74,1000061,-1
34200.082839,1,ORD000041,40,999942,-1
34200.084570,3,ORD000036,192,999905,1
34200.085866,3,ORD000019,15,1000005,1
34200.086008,1,ORD000044,173,999865,1
34200.087694,1,ORD000045,159,999786,1
34200.089174,4,ORD000016,53,1000187,-1
34200.089454,1,ORD000047,118,1000008,-1
34200.089473,1,ORD000048,19,1000022,1
34200.094887,1,ORD000049,63,999936,1
34200.096454,1,ORD000050,157,1000181,-1
34200.098072,3,ORD000022,35,999882,1
34200.100785,1,ORD000052,70,999891,1
34200.101240,1,ORD000053,130,1000097,-1
34200.101344,3,ORD000029,71,999869,-1
34200.103371,1,ORD000055,42,1000226,-1
34200.105018,1,ORD000056,20,1000100,1
34200.108616,3,ORD000047,111,999812,1
34200.113201,1,ORD000058,92,999854,1
34200.114074,1,ORD000059,159,1000230,-1
34200.118073,1,ORD000060,106,999759,1
34200.121123,1,ORD000061,172,1000223,-1
34200.124220,4,ORD000018,98,999766,1
34200.125080,1,ORD000063,58,999763,1
34200.125733,1,ORD000064,198,999893,1
34200.128009,1,ORD000065,8,999910,-1
34200.129747,1,ORD000066,10,999906,-1
34200.132835,3,ORD000059,156,1000112,-1
34200.133256,3,ORD000058,182,999974,1
34200.135578,3,ORD000065,94,999971,1
34200.140649,1,ORD000070,170,999914,-1
34200.141389,1,ORD000071,84,1000057,-1
34200.141815,1,ORD000072,174,1000234,-1
34200.142531,1,ORD000073,78,999897,1
34200.144398,4,ORD000020,120,1000077,-1
34200.147555,1,ORD000075,169,999799,1
34200.149486,4,ORD000021,193,999876,1
34200.149805,1,ORD000077,63,999995,1
34200.151020,1,ORD000078,184,1000108,1
34200.151340,1,ORD000079,193,1000146,1
34200.151834,1,ORD000080,13,1000137,-1
34200.153053,1,ORD000081,171,1000123,-1
34200.159046,1,ORD000082,157,1000220,-1
34200.163793,1,ORD000083,41,1000232,-1
34200.166580,1,ORD000084,197,1000250,-1
34200.167222,1,ORD000085,183,999898,1
34200.171692,1,ORD000086,36,999829,1
34200.174144,1,ORD000087,107,999960,1
34200.174272,1,ORD000088,100,1000246,-1
34200.178158,1,ORD000089,123,999855,-1
34200.179147,1,ORD000090,138,1000234,-1
34200.183709,4,ORD000028,57,999991,-1
34200.185919,1,ORD000092,186,999936,-1
34200.193817,4,ORD000035,101,1000055,1
34200.194936,1,ORD000094,47,999887,-1
34200.196149,1,ORD000095,195,1000056,-1
34200.197244,4,ORD000037,121,999771,1
34200.197752,3,ORD000040,200,1000096,1
34200.203728,4,ORD000039,6,1000081,1
34200.205388,1,ORD000099,120,1000114,1
34200.207250,4,ORD000041,200,999839,1
34200.212537,1,ORD000101,102,1000212,-1
34200.216088,1,ORD000102,27,1000102,1
34200.217922,3,ORD000094,145,1000146,1
34200.219041,4,ORD000044,18,1000105,-1
34200.222496,1,ORD000105,111,999934,1
34200.224954,1,ORD000106,46,1000224,-1
34200.226867,1,ORD000107,120,1000072,-1
34200.227646,4,ORD000045,23,999891,1
34200.229333,1,ORD000109,87,999867,-1
34200.230670,1,ORD000110,67,1000027,-1
34200.234912,3,ORD000086,133,999850,1
34200.236253,1,ORD000112,177,999996,1
34200.239403,4,ORD000048,76,999866,1
34200.240324,1,ORD000114,109,1000242,-1
34200.241533,3,ORD000071,65,999979,-1
34200.242291,1,ORD000116,50,999871,1
34200.244073,1,ORD000117,26,999960,-1
34200.244792,1,ORD000118,71,999784,1
34200.247183,1,ORD000119,164,1000146,1
34200.248890,1,ORD000120,123,1000086,-1
34200.249472,4,ORD000049,30,999894,-1
34200.251792,4,ORD000050,39,1000059,1
34200.252044,4,ORD000052,156,1000173,-1
34200.253001,1,ORD000124,77,1000175,-1
34200.254942,1,ORD000125,196,999880,1
34200.255111,3,ORD000053,45,1000056,1
34200.256161,1,ORD000127,75,999890,-1
34200.258589,1,ORD000128,19,1000225,-1
34200.261722,1,ORD000129,109,999832,1
34200.266503,1,ORD000130,19,999804,1
34200.269268,1,ORD000131,113,999937,-1
34200.270298,4,ORD000055,129,1000150,-1
34200.274702,3,ORD000081,155,999993,-1
34200.281237,1,ORD000134,196,1000109,1
34200.284118,1,ORD000135,121,1000030,1
34200.284518,1,ORD000136,163,1000116,-1
34200.285568,1,ORD000137,172,999918,-1
34200.287934,1,ORD000138,170,1000070,-1
34200.289147,3,ORD000137,65,1000030,-1
34200.290183,4,ORD000056,169,1000042,1
34200.291081,4,ORD000060,161,1000097,-1
34200.291362,4,ORD000061,113,1000235,-1
34200.293240,4,ORD000063,182,999869,1
34200.293435,4,ORD000064,119,999851,1
34200.294857,4,ORD000066,107,1000137,-1
34200.295170,4,ORD000070,154,1000057,1
34200.295816,4,ORD000072,88,1000148,-1
34200.299450,1,ORD000148,39,1000116,-1
34200.301056,1,ORD000149,117,1000052,-1
34200.301602,1,ORD000150,60,1000285,-1
34200.302883,1,ORD000151,99,1000227,-1
34200.303213,1,ORD000152,33,1000045,1
34200.303424,4,ORD000073,26,1000157,-1
34200.304479,1,ORD000154,20,1000022,1
34200.306432,1,ORD000155,167,999923,-1
34200.310355,1,ORD000156,82,1000202,-1
34200.314472,1,ORD000157,159,999817,1
34200.315150,4,ORD000075,192,999828,1
34200.317584,1,ORD000159,114,999877,1
34200.317678,4,ORD000077,76,999975,1
34200.318740,3,ORD000117,44,999887,1
34200.320674,3,ORD000127,128,1000096,1
34200.322705,3,ORD000128,66,1000239,-1
34200.327335,1,ORD000164,19,1000024,1
34200.328046,1,ORD000165,177,1000026,-1
34200.342797,1,ORD000166,28,1000019,-1
34200.343498,4,ORD000078,6,1000235,-1
34200.348328,1,ORD000168,74,1000286,-1
34200.349197,1,ORD000169,159,999917,1
34200.351350,1,ORD000170,161,999838,1
34200.352089,4,ORD000079,9,1000185,-1
34200.352880,3,ORD000148,45,999990,-1
34200.357062,1,ORD000173,136,1000144,-1
34200.357656,1,ORD000174,76,1000270,-1
34200.358920,1,ORD000175,37,1000174,1
34200.361496,3,ORD000124,143,1000075,-1
34200.361524,1,ORD000177,117,999976,1
34200.363281,4,ORD000080,28,1000233,-1
34200.364076,1,ORD000179,166,999827,1
34200.366491,3,ORD000084,30,999966,-1
34200.367217,1,ORD000181,30,999944,-1
34200.368201,1,ORD000182,172,1000275,-1
34200.369971,3,ORD000149,107,1000130,1
34200.371884,1,ORD000184,9,1000248,-1
34200.377897,1,ORD000185,26,1000246,-1
34200.379968,4,ORD000082,102,999936,1
34200.380160,4,ORD000083,165,1000126,1
34200.380718,3,ORD000181,145,999904,1
34200.382334,1,ORD000189,60,999967,1
34200.384147,1,ORD000190,38,999965,-1
34200.384380,1,ORD000191,34,999806,1
34200.386157,3,ORD000179,45,999934,1
34200.387250,1,ORD000193,191,999831,1
34200.388690,1,ORD000194,116,1000056,1
34200.391288,4,ORD000085,118,1000228,-1
34200.395047,1,ORD000196,176,999959,-1
34200.395199,3,ORD000102,83,1000115,1
34200.395843,1,ORD000198,98,1000209,-1
34200.397703,1,ORD000199,180,999862,1
34200.400633,1,ORD000200,111,1000035,1
34200.404147,3,ORD000150,107,1000277,-1
34200.404896,1,ORD000202,96,999982,-1
34200.405088,3,ORD000189,24,1000025,1
34200.406020,1,ORD000204,143,999834,1
34200.406820,1,ORD000205,106,999985,1
34200.407920,4,ORD000087,74,1000111,1
34200.408398,1,ORD000207,58,999965,-1
34200.408642,1,ORD000208,147,1000025,-1
34200.415984,1,ORD000209,156,1000146,1
34200.416382,3,ORD000204,87,1000089,-1
34200.416691,1,ORD000211,18,999982,-1
34200.416883,4,ORD000088,97,1000024,1
34200.419441,1,ORD000213,14,999888,1
34200.421682,1,ORD000214,114,1000247,-1
34200.422752,3,ORD000154,194,1000071,1
34200.422987,4,ORD000089,135,1000250,-1
34200.423100,1,ORD000217,78,999926,1
34200.423783,4,ORD000090,2,1000072,1
34200.425304,1,ORD000219,129,1000106,1
34200.425454,4,ORD000092,112,999829,1
34200.427169,4,ORD000095,182,1000247,-1
34200.433943,1,ORD000222,159,1000045,1
34200.434128,1,ORD000223,63,1000033,1
34200.435135,1,ORD000224,191,1000083,-1
34200.435294,1,ORD000225,136,1000071,1
34200.436159,3,ORD000120,61,999862,1
34200.436540,4,ORD000099,195,1000198,1
34200.437903,1,ORD000228,175,1000209,-1
34200.438684,3,ORD000168,39,1000145,-1
34200.440680,4,ORD000101,152,999948,-1
34200.441883,3,ORD000223,95,999970,1
34200.449459,1,ORD000232,158,1000128,1
34200.451076,1,ORD000233,116,1000116,1
34200.452367,3,ORD000228,16,1000054,1
34200.455999,4,ORD000105,130,1000154,1
34200.465417,1,ORD000236,94,1000018,1
34200.468396,1,ORD000237,162,1000159,1
34200.470029,1,ORD000238,73,1000057,-1
34200.474765,4,ORD000106,86,999869,1
34200.475508,4,ORD000107,34,1000233,-1
34200.476453,1,ORD000241,33,1000279,-1
34200.488184,1,ORD000242,166,1000179,1
34200.489085,1,ORD000243,55,1000010,1
34200.489598,1,ORD000244,40,999875,1
34200.491016,1,ORD000245,170,1000008,1
34200.492834,1,ORD000246,42,999928,1
34200.496146,3,ORD000211,185,1000060,1
34200.498402,1,ORD000248,114,1000148,1
34200.499594,4,ORD000109,80,1000076,1
34200.507920,1,ORD000250,197,1000088,-1
34200.509005,3,ORD000190,52,1000153,1
34200.509112,1,ORD000252,96,1000227,-1
34200.510563,1,ORD000253,73,999886,1
34200.515277,4,ORD000110,112,999890,1
34200.519596,1,ORD000255,107,999875,1
34200.520573,3,ORD000138,96,999962,1
34200.524227,3,ORD000248,38,1000018,-1
34200.526609,1,ORD000258,195,1000209,1
34200.531335,1,ORD000259,66,999958,1
34200.533934,1,ORD000260,29,1000345,-1
34200.534031,4,ORD000112,164,1000266,-1
34200.535848,1,ORD000262,162,1000116,1
34200.536536,1,ORD000263,158,1000033,1
34200.538720,3,ORD000263,135,1000037,1
34200.540291,3,ORD000233,100,1000093,1
34200.548221,4,ORD000114,192,999961,-1
34200.550862,1,ORD000267,198,1000147,1
34200.550953,1,ORD000268,165,1000039,-1
34200.558860,4,ORD000116,162,1000043,-1
34200.558936,1,ORD000270,12,999956,1
34200.559678,1,ORD000271,140,1000196,-1
34200.560102,1,ORD000272,200,999978,-1
34200.560368,1,ORD000273,112,1000158,-1
34200.561346,1,ORD000274,128,1000208,1
34200.562811,3,ORD000177,187,1000071,1
34200.564388,1,ORD000276,27,999994,-1
34200.565569,1,ORD000277,43,1000307,-1
34200.568164,1,ORD000278,158,1000176,-1
34200.574073,1,ORD000279,172,1000180,1
34200.576845,1,ORD000280,8,999927,1
34200.577998,1,ORD000281,18,999974,1
34200.578963,1,ORD000282,155,999932,1
34200.579894,1,ORD000283,147,999924,1
34200.581991,1,ORD000284,30,999867,1
34200.582970,1,ORD000285,68,1000250,1
34200.594204,4,ORD000118,178,1000205,-1
34200.595407,1,ORD000287,23,1000295,-1
34200.597611,1,ORD000288,141,1000123,1
34200.597954,1,ORD000289,93,1000106,1
34200.601095,1,ORD000290,127,999859,1
34200.602355,3,ORD000243,157,999890,1
34200.617979,1,ORD000292,135,1000156,-1
34200.618132,1,ORD000293,165,999983,-1
34200.618977,1,ORD000294,197,999912,1
34200.619091,4,ORD000119,133,999924,1
34200.619940,1,ORD000296,21,1000071,-1
34200.620582,3,ORD000293,158,1000216,-1
34200.620951,1,ORD000298,44,1000180,1
34200.621775,3,ORD000294,8,999884,1
34200.624723,1,ORD000300,167,1000050,-1
34200.626761,1,ORD000301,161,1000222,-1
34200.628080,3,ORD000151,77,1000175,-1
34200.628424,1,ORD000303,124,1000180,-1
34200.629174,4,ORD000125,188,1000119,-1
34200.630621,1,ORD000305,82,999967,1
34200.631191,1,ORD000306,13,999992,1
34200.632274,4,ORD000129,84,1000139,1
34200.633653,4,ORD000130,128,1000096,-1
34200.635061,4,ORD000131,56,1000139,1
34200.636882,3,ORD000173,74,1000220,-1
34200.638009,1,ORD000311,187,1000133,-1
34200.639033,1,ORD000312,93,1000129,1
34200.640230,4,ORD000134,160,1000294,-1
34200.641231,4,ORD000135,143,1000126,-1
34200.642257,3,ORD000245,12,999864,1
34200.645516,4,ORD000136,39,1000255,-1
34200.646283,1,ORD000317,158,1000332,-1
34200.647699,1,ORD000318,182,1000242,-1
34200.648618,1,ORD000319,107,1000152,1
34200.652731,1,ORD000320,153,1000096,1
34200.659886,4,ORD000152,185,999880,1
34200.662441,1,ORD000322,38,1000312,-1
34200.664852,4,ORD000155,5,1000089,1
34200.665909,3,ORD000198,189,1000332,-1
34200.667371,1,ORD000325,170,1000204,-1
34200.667751,1,ORD000326,140,1000141,-1
34200.670035,4,ORD000156,157,1000207,-1
34200.670744,1,ORD000328,198,1000114,-1
34200.672087,1,ORD000329,90,1000253,-1
34200.672726,1,ORD000330,147,1000213,1
34200.673729,1,ORD000331,198,1000041,-1
34200.676234,1,ORD000332,114,1000302,-1
34200.676685,4,ORD000157,144,1000323,-1
34200.677232,4,ORD000159,172,1000146,1
34200.678299,4,ORD000164,26,1000316,-1
34200.685924,1,ORD000336,105,1000209,1
34200.687222,1,ORD000337,194,1000022,1
34200.691993,1,ORD000338,167,1000168,1
34200.695791,4,ORD000165,45,1000088,1
34200.707527,1,ORD000340,127,1000061,-1
34200.712736,4,ORD000166,3,1000018,1
34200.713406,4,ORD000169,35,1000224,-1
34200.714209,4,ORD000170,166,1000090,-1
34200.717337,1,ORD000344,45,1000171,1
34200.720846,4,ORD000174,23,1000164,-1
34200.722144,1,ORD000346,2,999986,1
34200.722765,4,ORD000175,78,1000251,-1
34200.723657,3,ORD000270,16,1000204,1
34200.724005,1,ORD000349,177,1000023,-1
34200.724921,1,ORD000350,57,999931,1
34200.733911,1,ORD000351,107,1000322,-1
34200.735454,1,ORD000352,196,999989,1
34200.738550,1,ORD000353,136,1000323,-1
34200.738788,3,ORD000273,147,1000137,1
34200.742643,1,ORD000355,30,1000311,-1
34200.742834,3,ORD000288,15,1000195,-1
34200.744054,1,ORD000357,144,1000099,1
34200.744098,4,ORD000182,1,1000344,-1
34200.744943,4,ORD000184,139,999896,1
34200.745008,3,ORD000350,47,1000364,-1
34200.752672,1,ORD000361,96,1000166,-1
34200.753620,4,ORD000185,175,1000209,1
34200.753872,4,ORD000191,136,1000037,-1
34200.756695,1,ORD000364,119,1000306,-1
34200.757649,1,ORD000365,64,1000097,1
34200.763191,1,ORD000366,9,1000200,1
34200.767495,3,ORD000340,62,999967,1
34200.767563,3,ORD000303,63,1000241,1
34200.768097,3,ORD000322,194,1000259,1
34200.778164,1,ORD000370,188,1000156,1
34200.780397,1,ORD000371,61,1000116,-1
34200.781870,3,ORD000346,77,1000102,-1
34200.786106,1,ORD000373,161,1000209,1
34200.793278,1,ORD000374,135,1000125,-1
34200.793991,1,ORD000375,194,1000137,1
34200.794706,1,ORD000376,119,999891,1
34200.796336,1,ORD000377,100,999986,1
34200.796501,1,ORD000378,95,1000009,-1
34200.796606,1,ORD000379,173,1000271,-1
34200.797023,1,ORD000380,123,999968,1
34200.803317,4,ORD000193,55,999959,1
34200.808234,1,ORD000382,102,999989,1
34200.809193,1,ORD000383,79,1000100,-1
34200.810447,1,ORD000384,195,1000130,-1
34200.811516,3,ORD000336,190,999941,1
34200.816975,4,ORD000194,76,1000045,-1
34200.820559,1,ORD000387,141,1000310,-1
34200.823442,1,ORD000388,186,1000303,-1
34200.826081,1,ORD000389,44,1000046,-1
34200.831056,4,ORD000196,135,999892,1
34200.833947,1,ORD000391,36,1000288,-1
34200.833965,1,ORD000392,96,999996,-1
34200.835882,3,ORD000337,169,1000215,-1
34200.837487,1,ORD000394,5,1000137,1
34200.838162,1,ORD000395,46,1000020,-1
34200.838714,4,ORD000199,91,1000102,-1
34200.839942,1,ORD000397,179,999983,1
34200.840111,1,ORD000398,24,1000075,1
34200.840226,3,ORD000312,180,999955,1
34200.842297,1,ORD000400,145,1000016,-1
34200.842819,1,ORD000401,70,999991,-1
34200.843477,3,ORD000259,46,1000029,1
34200.845246,4,ORD000200,20,1000121,-1
34200.847506,1,ORD000404,99,1000356,-1
34200.849844,4,ORD000202,129,1000251,1
34200.850372,1,ORD000406,88,1000182,1
34200.851383,1,ORD000407,8,1000297,-1
34200.852732,1,ORD000408,142,1000165,-1
34200.854894,4,ORD000205,198,1000189,1
34200.855065,4,ORD000207,98,1000229,1
34200.855827,1,ORD000411,24,999869,1
34200.858692,1,ORD000412,34,999911,1
34200.860310,3,ORD000364,27,999980,-1
34200.860506,1,ORD000414,99,999973,-1
34200.860683,1,ORD000415,147,1000133,1
34200.860982,3,ORD000258,69,1000219,-1
34200.862122,1,ORD000417,77,1000214,-1
34200.867895,4,ORD000208,153,1000282,-1
34200.867909,1,ORD000419,86,1000283,-1
34200.869069,3,ORD000296,167,1000270,-1
34200.870918,1,ORD000421,123,1000026,1
34200.871687,1,ORD000422,148,1000366,-1
34200.875078,4,ORD000209,94,1000024,-1
34200.875474,4,ORD000213,187,1000109,1
34200.879033,1,ORD000425,105,1000216,1
34200.879588,4,ORD000214,184,1000088,1
34200.880892,1,ORD000427,137,1000240,-1
34200.881976,1,ORD000428,93,1000240,1
34200.884009,1,ORD000429,28,1000274,1
34200.884373,1,ORD000430,145,1000211,1
34200.887167,3,ORD000280,28,999986,-1
34200.888597,1,ORD000432,115,1000072,1
34200.890373,1,ORD000433,89,999893,1
34200.895438,3,ORD000301,30,1000254,1
34200.896279,4,ORD000217,134,1000128,1
34200.897047,3,ORD000319,12,1000348,-1
34200.899135,1,ORD000437,190,1000009,1
34200.899939,1,ORD000438,119,1000103,-1
34200.900351,1,ORD000439,102,999999,-1
34200.901545,4,ORD000219,100,999987,-1
34200.903268,4,ORD000222,94,1000043,1
34200.904768,1,ORD000442,153,1000180,-1
34200.905623,1,ORD000443,159,1000070,-1
34200.906329,4,ORD000224,173,999950,1
34200.906734,4,ORD000225,131,1000073,1
34200.907834,1,ORD000446,163,1000252,-1
34200.926245,3,ORD000325,126,1000024,1
34200.929936,4,ORD000232,92,999881,1
34200.936575,1,ORD000449,105,1000329,-1
34200.937748,3,ORD000432,22,1000168,1
34200.938246,4,ORD000236,71,999994,1
34200.939914,3,ORD000271,141,1000244,-1
34200.940538,3,ORD000428,139,1000370,-1
34200.941702,1,ORD000454,109,999935,1
34200.942271,1,ORD000455,116,1000017,1
34200.943427,1,ORD000456,199,1000004,1
34200.945764,3,ORD000289,43,1000298,-1
34200.949123,1,ORD000458,146,1000062,1
34200.949492,1,ORD000459,75,1000276,-1
34200.957958,1,ORD000460,35,1000267,1
34200.967740,1,ORD000461,180,999950,1
34200.971266,1,ORD000462,126,1000055,-1
34200.972335,1,ORD000463,20,1000307,-1
34200.973367,1,ORD000464,178,1000171,-1
34200.975111,1,ORD000465,188,1000117,1
34200.978907,1,ORD000466,56,1000202,-1
34200.979686,1,ORD000467,87,1000263,-1
34200.981015,3,ORD000267,175,1000373,-1
34200.982983,4,ORD000237,5,1000046,-1
34200.982984,1,ORD000470,52,1000339,-1
34200.983703,4,ORD000238,24,1000322,-1
34200.984065,1,ORD000472,161,1000153,-1
34200.985186,3,ORD000383,181,999945,1
34200.985348,4,ORD000241,133,1000245,1
34200.988746,4,ORD000242,178,1000064,-1
34200.991371,1,ORD000476,27,1000049,1
34200.992335,3,ORD000397,165,1000235,1
34200.993992,1,ORD000478,113,1000068,1
34200.994321,4,ORD000244,158,1000340,-1
34200.994622,1,ORD000480,151,1000255,1
34200.995378,4,ORD000246,64,1000023,1
34200.997210,3,ORD000478,200,1000344,-1
34200.999358,4,ORD000250,53,1000256,-1
34201.000059,4,ORD000252,62,1000146,1
34201.001862,3,ORD000414,93,1000065,1
34201.002954,1,ORD000486,196,1000144,1
34201.002988,1,ORD000487,4,1000037,1
34201.008927,1,ORD000488,130,1000149,-1
34201.010001,1,ORD000489,22,1000330,-1
34201.010651,1,ORD000490,21,1000264,-1
34201.010988,1,ORD000491,101,1000303,-1
34201.013274,1,ORD000492,80,1000260,1
34201.013819,3,ORD000427,23,1000125,1
34201.015696,4,ORD000253,171,1000382,-1
34201.018158,1,ORD000495,42,1000147,1
34201.021213,3,ORD000467,43,1000183,-1
34201.025348,1,ORD000497,198,999908,1
34201.026832,1,ORD000498,183,1000288,-1
34201.028262,4,ORD000255,128,1000183,1
34201.032755,4,ORD000260,59,1000265,1
34201.033316,4,ORD000262,94,1000172,-1
34201.034926,1,ORD000502,58,1000131,-1
34201.035697,3,ORD000456,147,1000057,1
34201.040342,1,ORD000504,58,1000131,1
34201.040484,1,ORD000505,73,1000363,-1
34201.042095,1,ORD000506,95,999969,1
34201.044786,1,ORD000507,119,1000055,1
34201.047748,4,ORD000268,188,1000146,1
34201.053137,1,ORD000509,60,1000134,1
34201.057331,1,ORD000510,1,1000345,-1
34201.059929,1,ORD000511,53,1000128,1
34201.066427,3,ORD000344,183,1000000,1
34201.070979,1,ORD000513,180,1000147,-1
34201.072717,3,ORD000429,164,1000058,1
34201.072846,1,ORD000515,61,1000006,1
34201.076073,4,ORD000272,82,1000188,-1
34201.076366,1,ORD000517,40,999907,1
34201.077409,1,ORD000518,198,1000059,-1
34201.081237,1,ORD000519,41,1000204,1
34201.083086,3,ORD000353,84,999928,1
34201.089995,1,ORD000521,132,999978,-1
34201.099346,1,ORD000522,104,1000084,1
34201.099545,3,ORD000505,36,999915,1
34201.102582,1,ORD000524,34,999954,1
34201.104572,1,ORD000525,150,1000153,1
34201.104616,4,ORD000274,51,1000183,1
34201.104877,1,ORD000527,13,1000039,-1
34201.107455,4,ORD000276,8,1000148,-1
34201.112234,4,ORD000277,72,1000177,-1
34201.114153,1,ORD000530,128,1000168,-1
34201.114337,1,ORD000531,36,1000172,-1
34201.115829,1,ORD000532,98,1000258,1
34201.118870,1,ORD000533,145,1000215,-1
34201.118923,1,ORD000534,8,1000256,1
34201.120199,1,ORD000535,197,1000257,-1
34201.120410,1,ORD000536,69,1000131,1
34201.120525,1,ORD000537,148,1000056,1
34201.124257,1,ORD000538,61,1000161,1
34201.125145,1,ORD000539,181,1000216,1
34201.125452,1,ORD000540,127,1000135,1
34201.125641,3,ORD000534,155,999970,1
34201.125643,1,ORD000542,34,1000032,1
34201.129362,3,ORD000374,16,999969,-1
34201.132340,1,ORD000544,19,1000149,-1
34201.134104,3,ORD000379,78,1000123,-1
34201.136740,4,ORD000278,164,1000207,-1
34201.139105,4,ORD000279,58,1000305,-1
34201.141754,1,ORD000548,33,1000054,-1
34201.147694,3,ORD000461,198,1000254,-1
34201.148460,3,ORD000430,164,1000153,1
34201.148763,4,ORD000281,61,1000041,1
34201.152211,4,ORD000282,115,999961,-1
34201.153074,3,ORD000417,185,999848,1
34201.155712,1,ORD000554,106,1000100,1
34201.156653,4,ORD000283,148,1000281,-1
34201.156806,1,ORD000556,76,999862,1
34201.156961,1,ORD000557,97,999934,1
34201.161529,1,ORD000558,87,1000156,1
34201.163967,1,ORD000559,168,1000036,-1
34201.164077,1,ORD000560,53,1000049,-1
34201.169273,4,ORD000284,170,1000096,-1
34201.170969,1,ORD000562,40,999981,-1
34201.171667,3,ORD000352,52,1000003,-1
34201.173700,1,ORD000564,122,999913,1
34201.175043,4,ORD000285,24,1000282,-1
34201.175965,1,ORD000566,12,1000090,-1
34201.179594,4,ORD000287,39,1000241,1
34201.182897,4,ORD000290,194,1000258,-1
34201.186309,1,ORD000569,138,1000310,-1
34201.190577,1,ORD000570,77,999999,-1
34201.190648,1,ORD000571,31,1000246,1
34201.191013,3,ORD000361,50,999923,1
34201.199906,3,ORD000487,52,1000280,-1
34201.200503,1,ORD000574,23,1000057,1
34201.204387,1,ORD000575,4,1000317,-1
34201.205476,1,ORD000576,39,1000034,-1
34201.212171,1,ORD000577,28,1000147,1
34201.216213,1,ORD000578,106,1000094,-1
34201.218091,1,ORD000579,45,1000000,1
34201.220375,1,ORD000580,10,1000161,-1
34201.220917,3,ORD000489,69,1000149,-1
34201.221662,3,ORD000443,179,1000309,-1
34201.221951,1,ORD000583,199,1000123,-1
34201.224025,1,ORD000584,114,999967,1
34201.225350,4,ORD000292,15,1000222,-1
34201.226383,4,ORD000298,45,999963,1
34201.226957,1,ORD000587,13,1000140,-1
34201.230426,4,ORD000300,163,1000019,-1
34201.232229,1,ORD000589,122,1000161,1
34201.235865,3,ORD000328,192,1000313,-1
34201.236842,1,ORD000591,147,1000260,1
34201.238927,4,ORD000305,69,1000194,1
34201.240212,4,ORD000306,166,999939,1
34201.242087,1,ORD000594,183,1000312,-1
34201.243032,1,ORD000595,118,1000078,-1
34201.244503,3,ORD000532,150,1000001,-1
34201.246151,3,ORD000370,77,1000299,-1
34201.246971,1,ORD000598,164,1000115,-1
34201.249454,4,ORD000311,49,1000025,-1
34201.252728,1,ORD000600,170,1000103,-1
34201.254859,1,ORD000601,67,1000154,-1
34201.256608,1,ORD000602,88,1000211,1
34201.258642,1,ORD000603,172,1000123,-1
34201.262315,1,ORD000604,76,999889,1
34201.264899,4,ORD000317,175,1000011,1
34201.267626,1,ORD000606,108,1000106,-1
34201.268872,1,ORD000607,121,999864,1
34201.274648,1,ORD000608,121,999936,1
34201.275609,4,ORD000318,106,999964,-1
34201.276448,4,ORD000320,37,1000094,-1
34201.277785,3,ORD000577,81,1000149,1
34201.278424,1,ORD000612,148,1000216,1
34201.281450,1,ORD000613,158,1000047,1
34201.288174,1,ORD000614,2,999944,-1
34201.294168,1,ORD000615,194,1000196,-1
34201.296139,1,ORD000616,58,1000180,1
34201.296356,1,ORD000617,43,999958,-1
34201.297043,1,ORD000618,112,1000276,-1
34201.301676,1,ORD000619,193,1000021,-1
34201.305019,4,ORD000326,59,999939,1
34201.306800,1,ORD000621,32,1000002,1
34201.307741,1,ORD000622,198,1000188,-1
34201.307839,3,ORD000401,168,999825,1
34201.308918,1,ORD000624,32,1000195,-1
34201.309378,1,ORD000625,78,1000030,1
34201.310007,1,ORD000626,108,999868,1
34201.310672,1,ORD000627,128,999916,1
34201.314233,4,ORD000329,92,1000175,1
34201.315605,4,ORD000330,177,1000068,1
34201.320353,4,ORD000331,39,999960,-1
34201.325056,4,ORD000332,117,999958,1
34201.329201,1,ORD000632,93,1000248,-1
34201.329401,4,ORD000338,3,999872,1
34201.333899,1,ORD000634,188,999950,-1
34201.334141,1,ORD000635,117,1000042,-1
34201.335442,3,ORD000387,167,999988,-1
34201.343430,1,ORD000637,27,1000016,1
34201.345113,1,ORD000638,47,1000215,-1
34201.345171,3,ORD000575,124,1000052,1
34201.346333,1,ORD000640,67,1000138,1
34201.348599,1,ORD000641,172,999976,1
34201.350525,1,ORD000642,170,1000275,-1
34201.352781,1,ORD000643,39,1000188,-1
34201.352804,1,ORD000644,130,1000043,1
34201.352960,1,ORD000645,83,1000026,-1
34201.354374,3,ORD000591,104,1000023,-1
34201.357606,4,ORD000349,23,1000158,-1
34201.360341,1,ORD000648,27,1000014,1
34201.360341,1,ORD000649,155,1000124,1
34201.361994,1,ORD000650,88,1000094,-1
34201.365713,1,ORD000651,144,1000300,-1
34201.367855,4,ORD000351,30,999957,-1
34201.368732,4,ORD000355,141,1000175,-1
34201.370088,4,ORD000357,28,1000033,-1
34201.370574,3,ORD000584,184,999978,1
34201.370669,1,ORD000656,198,1000035,1
34201.372072,1,ORD000657,2,1000176,-1
34201.373206,4,ORD000365,131,1000304,-1
34201.373588,1,ORD000659,27,1000011,1
34201.374365,1,ORD000660,108,1000224,-1
34201.375004,4,ORD000366,76,1000144,-1
34201.377412,1,ORD000662,180,1000202,-1
34201.382894,1,ORD000663,52,999929,1
34201.383742,4,ORD000371,182,1000154,1
34201.386112,1,ORD000665,182,999988,-1
34201.387860,1,ORD000666,173,1000311,-1
34201.392059,3,ORD000574,4,1000196,-1
34201.392373,4,ORD000373,52,999965,1
34201.394674,4,ORD000375,16,1000181,1
34201.394739,1,ORD000670,27,1000250,-1
34201.398742,1,ORD000671,61,1000196,-1
34201.399420,1,ORD000672,98,1000033,1
34201.401731,1,ORD000673,4,1000215,1
34201.404768,1,ORD000674,58,1000259,-1
34201.407582,1,ORD000675,199,1000206,1
34201.407973,4,ORD000376,48,999923,1
34201.409092,1,ORD000677,34,1000008,-1
34201.409894,1,ORD000678,11,999904,1
34201.412866,4,ORD000377,126,1000219,-1
34201.414356,4,ORD000378,134,999860,1
34201.415896,1,ORD000681,90,999946,1
34201.416701,1,ORD000682,56,1000318,-1
34201.418349,4,ORD000380,30,1000175,1
34201.420251,1,ORD000684,11,1000192,1
34201.423432,1,ORD000685,99,999974,1
34201.428278,4,ORD000382,132,1000203,-1
34201.428706,1,ORD000687,25,999938,1
34201.430229,4,ORD000384,54,1000196,1
34201.433841,1,ORD000689,138,1000215,1
34201.434984,1,ORD000690,192,1000207,1
34201.435790,1,ORD000691,19,999883,1
34201.435936,1,ORD000692,67,1000064,1
34201.437071,3,ORD000389,100,1000200,1
34201.439122,1,ORD000694,194,1000237,1
34201.439273,4,ORD000388,75,1000207,1
34201.440233,4,ORD000391,122,999940,1
34201.443420,1,ORD000697,163,1000035,-1
34201.450146,4,ORD000392,3,1000245,-1
34201.450156,1,ORD000699,138,1000233,-1
34201.452915,1,ORD000700,55,1000164,-1
34201.453223,4,ORD000394,57,1000168,1
34201.455446,1,ORD000702,193,1000129,1
34201.456133,1,ORD000703,65,999898,1
34201.462187,4,ORD000395,33,1000291,-1
34201.462331,1,ORD000705,82,1000105,1
34201.463061,1,ORD000706,145,1000147,1
34201.464179,1,ORD000707,81,999983,1
34201.466227,1,ORD000708,93,1000025,-1
34201.467535,1,ORD000709,92,1000353,-1
34201.467922,4,ORD000398,72,999928,1
34201.468081,1,ORD000711,5,1000126,1
34201.469810,1,ORD000712,10,1000149,1
34201.471362,1,ORD000713,94,1000067,1
34201.474005,4,ORD000400,35,1000204,-1
34201.475400,1,ORD000715,158,1000218,1
34201.476582,1,ORD000716,145,1000157,1
34201.479245,1,ORD000717,92,999988,-1
34201.479375,1,ORD000718,60,999989,-1
34201.482510,4,ORD000404,121,1000200,-1
34201.483293,1,ORD000720,190,1000112,-1
34201.484239,1,ORD000721,94,1000278,-1
34201.485693,1,ORD000722,58,1000242,-1
34201.486539,4,ORD000406,155,999981,-1
34201.487062,1,ORD000724,55,1000049,-1
34201.489588,1,ORD000725,170,999990,1
34201.489829,1,ORD000726,123,1000080,-1
34201.490887,4,ORD000407,12,999938,1
34201.492325,4,ORD000408,15,999968,1
34201.494154,1,ORD000729,185,1000257,1
34201.494334,4,ORD000411,156,1000226,-1
34201.496170,4,ORD000412,160,1000225,1
34201.501281,4,ORD000415,59,1000081,1
34201.502761,3,ORD000656,39,1000294,-1
34201.507398,4,ORD000419,137,1000141,1
34201.512044,1,ORD000735,199,1000225,1
34201.512969,1,ORD000736,179,1000149,1
34201.514285,1,ORD000737,90,1000279,-1
34201.517915,1,ORD000738,109,999946,1
34201.522733,1,ORD000739,73,1000184,1
34201.523152,3,ORD000422,148,1000145,1
34201.524092,4,ORD000421,177,1000039,1
34201.526201,1,ORD000742,67,1000255,-1
34201.526846,1,ORD000743,194,1000085,-1
34201.528163,1,ORD000744,144,1000265,-1
34201.529887,1,ORD000745,189,1000051,-1
34201.532642,3,ORD000675,180,1000063,-1
34201.533665,1,ORD000747,141,1000295,-1
34201.534016,1,ORD000748,24,999955,1
34201.534200,3,ORD000455,57,1000170,-1
34201.536779,1,ORD000750,158,1000316,-1
34201.538599,4,ORD000425,164,1000134,1
34201.539273,4,ORD000433,154,1000148,1
34201.541514,3,ORD000522,62,1000317,-1
34201.541696,1,ORD000754,200,1000186,-1
34201.543460,3,ORD000492,189,1000242,1
34201.545055,1,ORD000756,89,1000123,-1
34201.546268,1,ORD000757,148,999984,-1
34201.546494,4,ORD000437,129,1000032,1
34201.552773,1,ORD000759,178,1000214,-1
34201.555712,1,ORD000760,199,1000222,-1
34201.559674,3,ORD000737,30,1000120,-1
34201.562782,1,ORD000762,174,1000247,1
34201.569004,4,ORD000438,180,1000022,1
34201.569162,1,ORD000764,122,1000048,1
34201.569789,1,ORD000765,128,1000265,1
34201.573912,1,ORD000766,59,999991,1
34201.574793,1,ORD000767,31,999928,1
34201.576696,1,ORD000768,124,1000078,1
34201.585144,1,ORD000769,126,1000081,-1
34201.585801,3,ORD000694,193,1000183,1
34201.589013,1,ORD000771,139,1000004,-1
34201.591332,1,ORD000772,118,999949,1
34201.593669,4,ORD000439,173,999995,1
34201.595567,1,ORD000774,48,1000269,-1
34201.601932,4,ORD000442,94,1000083,-1
34201.602841,4,ORD000446,72,1000220,-1
34201.605157,1,ORD000777,185,1000036,1
34201.609038,3,ORD000458,38,1000276,1
34201.609426,1,ORD000779,35,1000320,-1
34201.612504,4,ORD000449,65,1000285,-1
34201.614850,1,ORD000781,56,1000021,1
34201.616045,1,ORD000782,67,1000175,-1
34201.619366,3,ORD000767,6,1000201,-1
34201.625966,1,ORD000784,148,1000185,1
34201.633729,1,ORD000785,91,1000157,-1
34201.636396,1,ORD000786,98,1000205,1
34201.636709,1,ORD000787,164,1000063,1
34201.637747,1,ORD000788,21,999973,1
34201.639864,1,ORD000789,155,1000321,-1
34201.642901,1,ORD000790,192,1000291,-1
34201.643267,1,ORD000791,33,1000263,1
34201.645991,4,ORD000454,54,999976,1
34201.647581,1,ORD000793,198,1000099,1
34201.647801,1,ORD000794,22,1000231,1
34201.648322,3,ORD000706,114,1000316,-1
34201.651969,1,ORD000796,9,1000235,1
34201.655962,4,ORD000459,139,1000135,-1
34201.656352,1,ORD000798,162,1000386,-1
34201.657834,1,ORD000799,89,1000249,-1
34201.659001,4,ORD000460,106,1000136,-1
34201.662380,4,ORD000462,89,1000055,1
34201.668253,1,ORD000802,77,1000018,-1
34201.670071,1,ORD000803,141,1000105,1
34201.671220,1,ORD000804,42,1000280,1
34201.672171,1,ORD000805,21,1000230,-1
34201.675389,1,ORD000806,73,1000346,-1
34201.676454,1,ORD000807,47,999983,1
34201.678378,1,ORD000808,180,1000332,-1
34201.678708,4,ORD000463,48,999966,1
34201.681305,3,ORD000578,24,999995,1
34201.682142,1,ORD000811,128,1000208,-1
34201.682944,4,ORD000464,15,1000054,1
34201.683344,3,ORD000793,98,1000029,-1
34201.683917,4,ORD000465,64,1000400,-1
34201.685390,1,ORD000815,122,1000115,1
34201.686170,1,ORD000816,191,1000197,1
34201.688205,4,ORD000466,93,999942,1
34201.688743,1,ORD000818,84,1000016,-1
34201.688998,1,ORD000819,3,999930,1
34201.691330,3,ORD000556,96,1000303,1
34201.692716,3,ORD000645,195,1000329,-1
34201.694785,1,ORD000822,33,1000158,1
34201.697893,1,ORD000823,113,1000384,-1
34201.698780,1,ORD000824,65,999929,1
34201.699478,1,ORD000825,49,1000299,-1
34201.702115,1,ORD000826,154,1000292,-1
34201.703308,1,ORD000827,139,1000196,-1
34201.704718,1,ORD000828,5,1000226,1
34201.705264,4,ORD000470,169,1000184,1
34201.708167,1,ORD000830,157,1000058,1
34201.708401,4,ORD000472,12,999980,1
34201.709729,1,ORD000832,9,1000199,1
34201.711076,1,ORD000833,13,1000194,-1
34201.711102,1,ORD000834,168,1000158,1
34201.712364,1,ORD000835,93,1000192,1
34201.715817,1,ORD000836,158,1000043,1
34201.719414,3,ORD000807,56,1000172,1
34201.719939,4,ORD000476,49,1000105,-1
34201.725833,1,ORD000839,192,1000071,-1
34201.728078,1,ORD000840,27,1000102,-1
34201.729483,1,ORD000841,137,1000224,1
34201.730240,1,ORD000842,96,1000228,-1
34201.732828,1,ORD000843,145,1000196,1
34201.738040,1,ORD000844,93,1000248,-1
34201.740631,1,ORD000845,153,1000025,-1
34201.741350,4,ORD000480,57,1000126,-1
34201.746379,4,ORD000486,25,999934,1
34201.747294,4,ORD000488,60,1000044,1
34201.748978,1,ORD000849,188,999954,1
34201.749357,1,ORD000850,153,1000243,1
34201.751075,1,ORD000851,200,999943,1
34201.755312,4,ORD000490,107,1000076,-1
34201.759099,4,ORD000491,163,1000323,1
34201.759183,4,ORD000495,84,1000188,1
34201.766267,1,ORD000855,57,1000154,1
34201.766550,1,ORD000856,122,1000225,1
34201.767160,4,ORD000497,129,1000255,-1
34201.768471,4,ORD000498,125,1000129,1
34201.780143,1,ORD000859,63,999972,1
34201.782451,1,ORD000860,29,1000279,1
34201.782874,3,ORD000643,153,1000371,-1
34201.783245,1,ORD000862,158,1000262,-1
34201.788404,1,ORD000863,52,1000286,1
34201.792236,1,ORD000864,190,999963,1
34201.792555,4,ORD000502,4,1000211,-1
34201.793830,4,ORD000504,54,1000418,-1
34201.796605,1,ORD000867,160,1000419,-1
34201.798812,1,ORD000868,150,1000385,-1
34201.798936,1,ORD000869,179,1000262,1
34201.804743,1,ORD000870,100,1000284,1
34201.806901,1,ORD000871,5,1000095,1
34201.807427,3,ORD000651,131,1000409,-1
34201.808753,1,ORD000873,48,1000047,1
34201.813970,1,ORD000874,11,1000072,1
34201.815316,1,ORD000875,5,1000123,1
34201.816036,1,ORD000876,16,1000366,-1
34201.835917,1,ORD000877,143,1000089,1
34201.836915,1,ORD000878,23,1000319,1
34201.838810,1,ORD000879,107,1000069,1
34201.839559,3,ORD000802,115,1000323,-1
34201.839858,1,ORD000881,36,1000104,1
34201.844664,1,ORD000882,198,1000120,-1
34201.845008,4,ORD000506,143,1000218,1
34201.848667,1,ORD000884,187,999961,1
34201.849736,1,ORD000885,78,1000272,-1
34201.851762,4,ORD000507,39,1000444,-1
34201.854637,1,ORD000887,156,1000326,-1
34201.855162,1,ORD000888,92,999976,1
34201.856558,1,ORD000889,183,1000368,-1
34201.857910,1,ORD000890,42,1000034,1
34201.864846,1,ORD000891,106,1000149,-1
34201.867681,1,ORD000892,46,1000160,1
34201.868467,4,ORD000509,64,1000254,-1
34201.871014,1,ORD000894,157,1000418,-1
34201.873066,1,ORD000895,134,999993,1
34201.873152,1,ORD000896,133,1000213,1
34201.874784,1,ORD000897,49,1000087,1
34201.877755,1,ORD000898,119,1000123,-1
34201.877868,1,ORD000899,119,1000268,1
34201.878108,4,ORD000510,101,1000149,1
34201.879892,1,ORD000901,117,999988,1
34201.884646,3,ORD000566,184,1000317,1
34201.887096,1,ORD000903,22,1000310,-1
34201.894489,1,ORD000904,97,1000223,1
34201.899356,1,ORD000905,42,1000016,1
34201.900444,1,ORD000906,187,1000435,-1
34201.900843,1,ORD000907,52,999943,1
34201.902070,1,ORD000908,140,1000044,-1
34201.902559,1,ORD000909,117,1000251,-1
34201.902572,1,ORD000910,159,1000363,-1
34201.902672,4,ORD000511,15,1000276,1
34201.904872,3,ORD000711,85,1000077,-1
34201.915017,1,ORD000913,173,1000078,1
34201.916825,1,ORD000914,117,1000316,1
34201.917020,1,ORD000915,83,1000221,-1
34201.919861,3,ORD000830,75,1000174,1
34201.923785,1,ORD000917,135,1000244,-1
34201.925679,1,ORD000918,147,1000306,1
34201.925863,1,ORD000919,110,1000344,-1
34201.927575,1,ORD000920,34,1000347,-1
34201.929573,1,ORD000921,47,1000345,-1
34201.930003,4,ORD000513,7,1000171,1
34201.933218,1,ORD000923,106,1000052,-1
34201.935247,1,ORD000924,164,1000032,1
34201.935388,4,ORD000515,130,1000310,-1
34201.936223,1,ORD000926,45,1000028,1
34201.938455,3,ORD000601,10,1000359,-1
34201.940429,4,ORD000517,119,1000240,-1
34201.941140,3,ORD000787,143,1000309,-1
34201.943454,4,ORD000518,17,1000111,-1
34201.945424,1,ORD000931,147,1000247,1
34201.949422,1,ORD000932,181,1000198,-1
34201.949604,1,ORD000933,96,1000168,1
34201.951093,1,ORD000934,29,1000128,1
34201.955985,1,ORD000935,130,1000049,-1
34201.956320,1,ORD000936,124,1000412,-1
34201.957113,4,ORD000519,133,1000283,1
34201.958343,1,ORD000938,2,1000087,1
34201.960147,4,ORD000521,86,1000167,1
34201.960193,4,ORD000524,164,1000134,-1
34201.961712,4,ORD000525,172,1000085,-1
34201.961743,1,ORD000942,53,1000195,1
34201.962048,1,ORD000943,147,1000143,-1
34201.966504,3,ORD000919,13,1000084,-1
34201.968755,3,ORD000716,99,999945,1
34201.969150,1,ORD000946,158,1000200,-1
34201.971645,4,ORD000527,194,1000309,1
34201.971850,1,ORD000948,176,1000351,-1
34201.972377,1,ORD000949,37,1000237,1
34201.972782,4,ORD000530,84,1000254,-1
34201.973648,1,ORD000951,44,1000159,-1
34201.973921,1,ORD000952,104,1000280,1
34201.976017,1,ORD000953,137,1000251,-1
34201.977957,3,ORD000635,124,1000111,1
34201.981320,1,ORD000955,112,1000305,-1
34201.981859,1,ORD000956,190,1000279,1
34201.983653,3,ORD000745,84,1000299,-1
34201.984040,3,ORD000896,18,1000321,-1
34201.985855,4,ORD000531,84,1000268,-1
34201.989252,1,ORD000960,194,999986,1
34201.989941,1,ORD000961,51,1000116,-1
34201.991630,1,ORD000962,112,1000378,-1
34201.991817,4,ORD000533,157,1000172,1
34201.991946,1,ORD000964,1,1000270,1
34201.992179,1,ORD000965,8,1000130,-1
34201.994142,4,ORD000535,104,1000205,-1
34201.995430,1,ORD000967,143,1000101,1
34201.996510,3,ORD000576,172,1000069,-1
34201.998600,1,ORD000969,185,1000154,1
34201.998892,1,ORD000970,165,1000117,1
34202.001269,1,ORD000971,160,1000097,-1
34202.004700,1,ORD000972,91,1000120,-1
34202.006425,1,ORD000973,183,1000161,1
34202.008143,1,ORD000974,10,1000195,1
34202.009879,1,ORD000975,37,1000278,1
34202.018108,3,ORD000626,120,1000269,-1
34202.018671,1,ORD000977,176,1000229,1
34202.020570,3,ORD000942,137,1000403,-1
34202.022007,1,ORD000979,147,1000380,-1
34202.029619,3,ORD000827,75,1000090,-1
34202.032216,4,ORD000536,16,1000327,-1
34202.034352,3,ORD000777,189,1000315,-1
34202.034524,3,ORD000682,72,1000025,1
34202.035168,3,ORD000627,4,1000375,-1
34202.039986,4,ORD000537,169,1000124,1
34202.041313,1,ORD000986,88,999936,1
34202.044762,4,ORD000538,193,1000204,-1
34202.047351,1,ORD000988,54,1000192,1
34202.049407,1,ORD000989,14,999982,1
34202.050701,1,ORD000990,98,1000246,1
34202.051015,1,ORD000991,4,1000144,-1
34202.053284,1,ORD000992,25,1000169,1
34202.054415,4,ORD000539,86,1000135,-1
34202.056170,1,ORD000994,198,1000352,-1
34202.057947,1,ORD000995,134,1000079,1
34202.058698,4,ORD000540,173,999911,1
34202.060188,1,ORD000997,90,1000112,-1
34202.060257,1,ORD000998,15,1000204,1
34202.066269,3,ORD000684,182,999961,1
34202.067212,1,ORD001000,29,1000256,1
34202.069372,1,ORD001001,164,1000132,1
34202.070486,1,ORD001002,66,1000082,-1
34202.070615,1,ORD001003,86,1000030,-1
34202.071006,4,ORD000542,126,1000002,1
34202.071236,1,ORD001005,56,1000319,-1
34202.073749,3,ORD000798,9,999942,1
34202.076753,4,ORD000544,128,999981,1
34202.078937,1,ORD001008,39,1000354,-1
34202.078945,1,ORD001009,123,1000219,-1
34202.082290,3,ORD000990,139,1000011,1
34202.082549,4,ORD000548,86,1000345,-1
34202.082739,1,ORD001012,21,1000241,-1
34202.083193,1,ORD001013,99,1000244,1
34202.087729,1,ORD001014,125,1000049,-1
34202.088149,1,ORD001015,50,999918,1
34202.089492,1,ORD001016,139,1000235,1
34202.093087,1,ORD001017,5,1000024,-1
34202.095640,1,ORD001018,31,1000114,-1
34202.096867,4,ORD000554,190,1000202,1
34202.098209,3,ORD000691,121,1000216,1
34202.098238,4,ORD000557,79,999949,1
34202.098370,1,ORD001022,30,1000162,1
34202.098500,1,ORD001023,110,1000080,1
34202.100769,4,ORD000558,31,1000358,-1
34202.103659,3,ORD000708,86,999936,1
34202.106493,1,ORD001026,179,1000093,1
34202.111692,1,ORD001027,35,999955,1
34202.112635,3,ORD000564,5,1000153,1
34202.113031,1,ORD001029,181,1000237,1
34202.115396,1,ORD001030,178,1000068,-1
34202.116877,4,ORD000559,62,1000093,-1
34202.119403,1,ORD001032,161,1000299,1
34202.121034,1,ORD001033,31,1000170,1
34202.125006,4,ORD000560,119,1000293,1
34202.125437,4,ORD000562,176,1000132,1
34202.125548,1,ORD001036,73,1000088,-1
34202.128819,1,ORD001037,12,1000034,-1
34202.129206,3,ORD000805,125,1000144,1
34202.131762,1,ORD001039,108,1000082,-1
34202.132284,3,ORD000949,84,999997,1
34202.136363,1,ORD001041,57,1000018,-1
34202.140787,1,ORD001042,56,1000193,1
34202.141080,4,ORD000569,162,1000064,1
34202.141145,3,ORD000998,72,999944,1
34202.142372,1,ORD001045,195,1000050,1
34202.142713,4,ORD000570,148,1000158,1
34202.144057,1,ORD001047,152,1000123,1
34202.146676,4,ORD000571,64,1000048,1
34202.152523,3,ORD001005,107,999911,1
34202.155167,1,ORD001050,109,1000160,1
34202.157553,1,ORD001051,116,1000142,1
34202.157578,4,ORD000579,56,1000056,-1
34202.157610,1,ORD001053,42,1000341,-1
34202.159363,3,ORD000951,119,1000376,-1
34202.159772,4,ORD000580,161,1000218,-1
34202.159918,1,ORD001056,136,1000007,-1
34202.162313,1,ORD001057,176,999932,1
34202.167697,1,ORD001058,14,1000047,-1
34202.167780,4,ORD000583,45,1000322,-1
34202.168078,3,ORD001018,62,1000263,-1
34202.170752,1,ORD001061,193,1000268,1
34202.175317,3,ORD000901,71,1000014,-1
34202.176521,1,ORD001063,121,1000250,1
34202.181115,1,ORD001064,159,1000175,-1
34202.184424,3,ORD000938,49,1000121,1
34202.188989,4,ORD000587,20,1000042,-1
34202.190360,3,ORD000970,134,1000202,1
34202.197345,1,ORD001068,122,1000058,1
34202.197389,4,ORD000589,17,999892,1
34202.199458,1,ORD001070,149,1000162,-1
34202.200790,1,ORD001071,118,1000142,-1
34202.201522,1,ORD001072,59,1000234,-1
34202.205257,4,ORD000594,91,1000032,1
34202.207745,1,ORD001074,47,1000071,-1
34202.209941,3,ORD000887,42,1000003,1
34202.211650,1,ORD001076,67,1000171,-1
34202.211721,1,ORD001077,89,1000057,-1
34202.212075,1,ORD001078,32,999994,-1
34202.212390,3,ORD001063,82,1000061,-1
34202.213194,1,ORD001080,122,1000130,-1
34202.223448,1,ORD001081,145,1000255,1
34202.225785,4,ORD000595,11,1000053,-1
34202.226812,3,ORD000648,115,1000054,1
34202.228686,1,ORD001084,150,1000141,1
34202.229337,1,ORD001085,22,1000147,1
34202.235660,1,ORD001086,50,1000223,-1
34202.241403,1,ORD001087,102,1000047,-1
34202.242379,1,ORD001088,73,1000048,1
34202.246527,1,ORD001089,56,1000244,1
34202.247601,1,ORD001090,74,1000055,-1
34202.248704,4,ORD000598,36,1000272,-1
34202.249991,4,ORD000600,17,1000273,-1
34202.252028,1,ORD001093,107,1000063,-1
34202.254843,1,ORD001094,52,999969,1
34202.256192,1,ORD001095,150,1000129,-1
34202.256700,1,ORD001096,40,1000008,1
34202.258725,1,ORD001097,168,1000214,1
34202.260079,1,ORD001098,8,999935,1
34202.267134,1,ORD001099,149,1000220,-1
34202.269112,1,ORD001100,178,1000035,-1
34202.269147,3,ORD000894,42,1000271,-1
34202.270383,3,ORD000926,92,999957,1
34202.271471,1,ORD001103,13,1000122,-1
34202.271631,4,ORD000602,197,1000195,1
34202.273200,1,ORD001105,176,1000123,-1
34202.274101,3,ORD000870,37,999975,-1
34202.275035,4,ORD000603,106,1000143,-1
34202.275370,1,ORD001108,49,1000151,1
34202.276862,4,ORD000604,107,1000100,1
34202.282000,4,ORD000606,90,1000118,-1
34202.286410,1,ORD001111,45,1000326,-1
34202.286663,1,ORD001112,178,999935,1
34202.287134,4,ORD000607,109,1000216,1
34202.290114,3,ORD001088,11,1000053,-1
34202.291913,3,ORD000890,31,1000082,-1
34202.294116,1,ORD001116,32,1000161,1
34202.294524,3,ORD000874,8,999999,-1
34202.300468,1,ORD001118,91,1000035,-1
34202.302366,1,ORD001119,26,1000149,1
34202.304883,1,ORD001120,44,1000339,-1
34202.305090,1,ORD001121,130,1000215,1
34202.305500,1,ORD001122,47,1000034,1
34202.306944,4,ORD000608,29,1000342,-1
34202.308411,1,ORD001124,196,1000130,-1
34202.308494,1,ORD001125,127,1000005,-1
34202.311159,1,ORD001126,58,1000229,-1
34202.312276,4,ORD000612,122,1000193,1
34202.314506,4,ORD000613,113,1000218,-1
34202.315510,3,ORD000811,190,999931,1
34202.316337,1,ORD001130,32,1000064,-1
34202.316990,1,ORD001131,194,1000274,-1
34202.319187,1,ORD001132,125,1000206,-1
34202.319416,1,ORD001133,126,1000199,-1
34202.319476,1,ORD001134,18,1000100,1
34202.320441,4,ORD000614,40,1000100,-1
34202.322605,1,ORD001136,120,1000040,-1
34202.324010,3,ORD000644,139,1000216,-1
34202.333368,1,ORD001138,99,1000067,1
34202.334600,1,ORD001139,46,1000122,1
34202.338920,3,ORD000989,126,1000057,1
34202.340257,1,ORD001141,146,1000182,1
34202.341807,1,ORD001142,122,1000224,-1
34202.342800,1,ORD001143,152,1000130,-1
34202.350414,4,ORD000615,16,999951,-1
34202.351272,4,ORD000616,196,1000158,1
34202.360915,4,ORD000617,90,999967,-1
34202.361663,4,ORD000618,177,999882,1
34202.361703,1,ORD001148,10,1000179,-1
34202.363149,1,ORD001149,69,999954,-1
34202.371654,4,ORD000619,147,1000143,-1
34202.371864,1,ORD001151,87,1000103,1
34202.372694,1,ORD001152,94,1000172,-1
34202.380002,4,ORD000621,138,999958,1
34202.381030,1,ORD001154,160,1000237,1
34202.382756,1,ORD001155,70,999991,-1
34202.383871,1,ORD001156,20,1000290,-1
34202.384584,1,ORD001157,52,1000169,-1
34202.385791,1,ORD001158,5,1000178,1
34202.387511,1,ORD001159,170,1000237,1
34202.389543,1,ORD001160,145,1000329,-1
34202.390449,1,ORD001161,62,999934,1
34202.394166,1,ORD001162,82,999989,-1
34202.394787,1,ORD001163,166,1000039,-1
34202.395829,3,ORD000917,39,999955,1
34202.397076,4,ORD000622,109,1000288,-1
34202.397370,1,ORD001166,72,1000292,-1
34202.397456,4,ORD000624,6,999983,-1
34202.398164,1,ORD001168,105,1000050,1
34202.399175,1,ORD001169,61,999921,1
34202.399432,4,ORD000625,128,1000010,-1
34202.400231,1,ORD001171,192,1000344,-1
34202.400543,1,ORD001172,55,1000004,1
34202.402323,4,ORD000632,137,1000155,-1
34202.403426,1,ORD001174,72,999945,1
34202.406871,3,ORD000692,166,1000181,1
34202.409217,1,ORD001176,65,1000153,1
34202.411629,1,ORD001177,137,999992,1
34202.416441,3,ORD000867,66,1000125,-1
34202.417147,1,ORD001179,113,1000194,1
34202.419215,1,ORD001180,71,999912,1
34202.420489,1,ORD001181,86,1000338,-1
34202.420700,1,ORD001182,179,1000004,1
34202.422543,3,ORD000690,117,1000326,-1
34202.424594,4,ORD000634,162,1000098,1
34202.425041,3,ORD000796,81,1000267,-1
34202.425615,1,ORD001186,153,1000224,1
34202.426816,1,ORD001187,67,999961,1
34202.430030,1,ORD001188,22,1000085,1
34202.430978,1,ORD001189,6,999884,1
34202.432948,1,ORD001190,119,999974,1
34202.433050,3,ORD001000,154,1000106,-1
34202.433423,1,ORD001192,4,1000240,1
34202.438693,4,ORD000637,31,1000087,-1
34202.439373,4,ORD000638,98,1000037,-1
34202.450054,4,ORD000640,187,1000313,-1
34202.450112,4,ORD000641,61,1000277,-1
34202.452418,1,ORD001197,22,999974,-1
34202.459748,1,ORD001198,176,1000077,-1
34202.462413,4,ORD000642,19,1000017,-1
34202.463686,1,ORD001200,156,1000309,-1
34202.466445,1,ORD001201,2,999995,1
34202.474035,3,ORD000833,34,1000252,-1
34202.474638,3,ORD000961,87,1000205,-1
34202.477116,3,ORD000700,37,1000099,-1
34202.484797,1,ORD001205,72,1000348,-1
34202.489459,1,ORD001206,157,1000355,-1
34202.490603,1,ORD001207,81,1000243,1
34202.490931,3,ORD000878,14,1000062,-1
34202.491336,1,ORD001209,67,1000049,-1
34202.502015,1,ORD001210,11,1000192,-1
34202.503343,4,ORD000649,29,1000334,-1
34202.503798,1,ORD001212,47,1000044,-1
34202.505455,1,ORD001213,150,999860,1
34202.506532,4,ORD000650,64,1000251,1
34202.506585,1,ORD001215,101,1000049,1
34202.510213,1,ORD001216,8,999899,1
34202.511520,3,ORD000705,153,1000294,-1
34202.513655,1,ORD001218,84,1000332,-1
34202.516845,1,ORD001219,55,999882,1
34202.520045,1,ORD001220,141,1000166,1
34202.520437,4,ORD000657,23,999968,-1
34202.521108,1,ORD001222,31,1000012,1
34202.524391,3,ORD000760,176,1000268,-1
34202.527959,1,ORD001224,126,1000088,1
34202.529615,1,ORD001225,24,1000347,-1
34202.530028,1,ORD001226,24,999980,-1
34202.532285,1,ORD001227,127,1000129,1
34202.532972,1,ORD001228,21,1000204,-1
34202.535278,1,ORD001229,64,1000227,-1
34202.536879,1,ORD001230,132,999915,1
34202.538129,1,ORD001231,91,1000090,-1
34202.538162,4,ORD000659,46,1000053,-1
34202.542349,1,ORD001233,81,1000263,-1
34202.543544,4,ORD000660,88,1000058,-1
34202.544145,3,ORD001057,112,1000145,1
34202.544393,1,ORD001236,168,1000116,1
34202.546537,1,ORD001237,78,1000288,-1
34202.548884,3,ORD000673,78,1000016,-1
34202.549307,4,ORD000662,179,999968,1
34202.549621,1,ORD001240,112,1000202,1
34202.549801,4,ORD000663,38,1000224,-1
34202.552485,3,ORD001112,125,1000217,-1
34202.554246,1,ORD001243,76,1000167,1
34202.555058,1,ORD001244,162,1000241,1
34202.556427,1,ORD001245,10,1000225,-1
34202.559006,3,ORD000685,60,1000341,-1
34202.560103,1,ORD001247,142,1000008,-1
34202.564502,1,ORD001248,127,1000194,1
34202.566893,1,ORD001249,42,1000023,1
34202.568046,1,ORD001250,151,1000226,1
34202.571742,1,ORD001251,34,1000126,-1
34202.572821,1,ORD001252,121,1000058,-1
34202.575588,1,ORD001253,34,1000064,-1
34202.575800,1,ORD001254,127,1000131,-1
34202.590221,4,ORD000665,67,1000158,-1
34202.590286,3,ORD000898,87,1000102,1
34202.590544,1,ORD001257,125,1000014,1
34202.593477,1,ORD001258,39,1000335,-1
34202.593697,1,ORD001259,113,1000116,1
34202.601048,4,ORD000666,144,999903,1
34202.605142,1,ORD001261,41,1000347,-1
34202.606552,1,ORD001262,40,1000206,1
34202.606814,4,ORD000670,113,1000087,1
34202.607650,1,ORD001264,22,1000016,1
34202.608544,1,ORD001265,39,1000265,1
34202.609062,1,ORD001266,106,1000189,-1
34202.610514,3,ORD000681,8,1000206,-1
34202.613043,1,ORD001268,22,1000053,1
34202.613402,3,ORD000836,101,1000268,1
34202.618058,1,ORD001270,162,1000245,1
34202.625257,1,ORD001271,103,1000328,-1
34202.627814,1,ORD001272,89,999984,-1
34202.629699,4,ORD000671,180,1000086,1
34202.631658,1,ORD001274,179,1000163,-1
34202.632694,3,ORD001017,78,999930,1
34202.633683,4,ORD000672,134,1000163,1
34202.634432,4,ORD000674,194,1000319,-1
34202.636227,1,ORD001278,199,1000056,1
34202.636461,1,ORD001279,96,1000033,1
34202.636559,4,ORD000677,115,1000053,1
34202.644702,1,ORD001281,90,1000054,1
34202.647212,4,ORD000678,183,1000094,1
34202.648665,4,ORD000687,200,1000085,1
34202.652191,4,ORD000689,24,999935,1
34202.653372,1,ORD001285,174,1000269,-1
34202.656390,1,ORD001286,150,1000255,-1
34202.658726,4,ORD000697,188,1000213,-1
34202.660052,1,ORD001288,34,1000354,-1
34202.662424,1,ORD001289,122,1000010,-1
34202.663346,3,ORD001072,155,1000103,1
34202.665042,3,ORD001003,134,999972,1
34202.674467,3,ORD000843,76,1000242,-1
34202.674774,4,ORD000699,13,1000150,-1
34202.674778,1,ORD001294,18,1000021,-1
34202.676446,1,ORD001295,97,1000242,-1
34202.676731,1,ORD001296,130,1000224,1
34202.677924,1,ORD001297,23,1000318,-1
34202.678454,3,ORD001139,87,1000275,-1
34202.681117,3,ORD001295,43,1000261,1
34202.684298,3,ORD001233,144,1000329,-1
34202.684476,1,ORD001301,146,1000166,1
34202.689019,4,ORD000702,169,1000171,1
34202.689582,1,ORD001303,22,1000268,-1
34202.689674,4,ORD000703,88,1000118,1
34202.690438,1,ORD001305,24,1000059,-1
34202.691109,3,ORD001015,66,1000294,1
34202.697189,4,ORD000707,16,1000215,1
34202.697897,1,ORD001308,82,999964,1
34202.698839,1,ORD001309,14,999995,1
34202.699378,3,ORD001162,30,1000129,-1
34202.700989,4,ORD000709,124,999906,1
34202.701617,1,ORD001312,64,1000272,1
34202.702343,1,ORD001313,115,1000024,-1
34202.705398,1,ORD001314,96,1000158,1
34202.706940,3,ORD001166,143,1000213,-1
34202.713434,3,ORD001181,168,1000067,-1
34202.714073,1,ORD001317,175,1000176,-1
34202.714551,1,ORD001318,12,1000064,-1
34202.715266,1,ORD001319,179,1000044,-1
34202.728753,1,ORD001320,54,1000294,-1
34202.733060,1,ORD001321,163,1000115,-1
34202.733698,1,ORD001322,88,1000089,-1
34202.733730,4,ORD000712,166,999883,1
34202.735964,1,ORD001324,143,1000328,-1
34202.737509,1,ORD001325,138,999887,1
34202.738687,1,ORD001326,91,1000064,1
34202.739077,4,ORD000713,32,1000108,1
34202.739578,1,ORD001328,195,1000005,1
34202.740003,1,ORD001329,184,1000075,-1
34202.740905,4,ORD000715,127,1000322,-1
34202.749208,1,ORD001331,29,1000100,-1
34202.750813,3,ORD000781,17,1000159,1
34202.751086,4,ORD000717,134,1000231,1
34202.760731,4,ORD000718,175,1000234,-1
34202.762779,1,ORD001335,83,1000072,1
34202.763039,4,ORD000720,127,1000136,-1
34202.763135,1,ORD001337,137,1000177,-1
34202.763950,1,ORD001338,189,999963,1
34202.764105,4,ORD000721,51,999932,1
34202.764308,1,ORD001340,111,999970,-1
34202.765122,1,ORD001341,64,1000013,-1
34202.768696,1,ORD001342,134,1000079,-1
34202.770629,4,ORD000722,161,1000086,1
34202.775600,3,ORD000856,81,1000304,-1
34202.775728,1,ORD001345,15,1000103,-1
34202.775942,1,ORD001346,144,999875,1
34202.776144,1,ORD001347,60,1000255,-1
34202.777352,1,ORD001348,110,1000266,-1
34202.782900,4,ORD000724,117,1000113,1
34202.782925,4,ORD000725,152,999941,1
34202.783517,4,ORD000726,124,1000319,-1
34202.786706,1,ORD001352,33,1000001,1
34202.788816,1,ORD001353,80,1000240,-1
34202.789135,1,ORD001354,155,1000117,-1
34202.790593,1,ORD001355,15,999963,1
34202.794507,1,ORD001356,89,1000042,-1
34202.794956,1,ORD001357,88,999938,1
34202.802982,1,ORD001358,149,1000231,-1
34202.804067,1,ORD001359,27,1000074,1
34202.805437,1,ORD001360,164,999956,1
34202.805917,1,ORD001361,189,1000335,-1
34202.808612,4,ORD000729,103,999936,1
34202.808765,3,ORD001171,143,999890,1
34202.809197,1,ORD001364,12,999947,-1
34202.809691,1,ORD001365,185,1000021,-1
34202.810085,4,ORD000735,46,999966,1
34202.811037,4,ORD000736,87,999933,1
34202.813200,3,ORD000871,183,999960,-1
34202.816369,1,ORD001369,137,1000020,1
34202.817491,4,ORD000738,12,1000217,1
34202.818188,3,ORD001030,84,999960,1
34202.822313,3,ORD001209,54,1000306,-1
34202.825444,1,ORD001373,43,1000094,1
34202.828226,1,ORD001374,128,1000199,-1
34202.829162,1,ORD001375,184,1000187,-1
34202.831195,1,ORD001376,54,999946,1
34202.831729,1,ORD001377,79,1000051,1
34202.837211,3,ORD000826,66,1000215,-1
34202.837910,3,ORD001247,59,1000232,-1
34202.839851,1,ORD001380,116,1000173,-1
34202.841228,4,ORD000739,98,999946,-1
34202.841386,1,ORD001382,76,1000100,1
34202.844468,3,ORD000779,26,999904,1
34202.846048,1,ORD001384,51,1000289,-1
34202.849428,4,ORD000742,49,1000305,-1
34202.854298,1,ORD001386,198,1000004,1
34202.865814,1,ORD001387,149,1000338,-1
34202.867251,1,ORD001388,102,999967,1
34202.868538,4,ORD000743,185,1000187,-1
34202.869658,1,ORD001390,54,1000171,-1
34202.870597,3,ORD001382,79,1000224,1
34202.874192,1,ORD001392,58,1000161,-1
34202.877070,3,ORD000774,84,1000247,-1
34202.882176,1,ORD001394,85,1000137,1
34202.884048,4,ORD000744,98,1000051,-1
34202.884465,1,ORD001396,85,1000140,1
34202.885192,4,ORD000747,27,1000194,1
34202.886533,1,ORD001398,51,999893,1
34202.886994,3,ORD000816,169,1000226,-1
34202.887914,1,ORD001400,44,1000025,1
34202.888256,1,ORD001401,34,1000132,1
34202.889241,1,ORD001402,34,999963,1
34202.891427,1,ORD001403,155,1000152,1
34202.892823,3,ORD000904,71,1000061,-1
34202.894004,1,ORD001405,155,1000084,-1
34202.898232,3,ORD000850,119,1000252,-1
34202.898911,1,ORD001407,89,1000316,-1
34202.899903,1,ORD001408,107,999985,1
34202.901034,4,ORD000748,169,1000051,-1
34202.901582,1,ORD001410,71,1000170,1
34202.901721,1,ORD001411,127,1000059,1
34202.912448,1,ORD001412,194,999902,1
34202.913504,1,ORD001413,65,999955,1
34202.913656,1,ORD001414,98,1000124,-1
34202.914666,4,ORD000750,65,999907,1
34202.915992,1,ORD001416,22,1000133,1
34202.917144,4,ORD000754,72,1000035,-1
34202.917534,4,ORD000756,137,1000225,1
34202.919797,1,ORD001419,113,1000019,1
34202.924261,3,ORD001377,114,1000192,1
34202.927598,4,ORD000757,100,1000189,1
34202.927698,1,ORD001422,197,1000029,-1
34202.928243,3,ORD000771,5,1000041,1
34202.929065,3,ORD000873,175,1000168,1
34202.932254,3,ORD001271,186,999911,1
34202.932482,1,ORD001426,83,1000213,-1
34202.937928,4,ORD000759,110,999987,-1
34202.938309,3,ORD000994,168,1000087,-1
34202.939537,1,ORD001429,169,999968,1
34202.939676,1,ORD001430,106,999980,1
34202.948984,1,ORD001431,65,999874,1
34202.951367,1,ORD001432,86,999915,1
34202.952133,3,ORD001346,18,1000097,-1
34202.953324,4,ORD000762,129,1000126,1
34202.955240,1,ORD001435,80,999937,1
34202.957174,4,ORD000764,36,1000007,1
34202.957632,1,ORD001437,61,1000189,1
34202.960320,1,ORD001438,35,1000060,-1
34202.960401,4,ORD000765,166,1000065,-1
34202.961240,1,ORD001440,139,999845,1
34202.961811,4,ORD000766,156,1000013,1
34202.961823,3,ORD000923,18,1000026,-1
34202.967393,1,ORD001443,24,999916,1
34202.972764,1,ORD001444,130,999868,1
34202.973123,4,ORD000768,63,1000045,1
34202.974841,1,ORD001446,70,1000227,1
34202.975732,1,ORD001447,43,1000168,-1
34202.978388,1,ORD001448,124,999837,1
34202.978562,1,ORD001449,153,1000202,-1
34202.979157,1,ORD001450,79,1000159,-1
34202.980468,4,ORD000769,35,1000293,-1
34202.980476,1,ORD001452,126,1000130,-1
34202.987522,1,ORD001453,99,1000173,-1
34202.987670,4,ORD000772,32,1000020,1
34202.993968,1,ORD001455,131,1000289,-1
34202.996352,1,ORD001456,109,1000302,-1
34203.001441,1,ORD001457,162,1000287,-1
34203.003514,4,ORD000782,155,1000159,-1
34203.005357,1,ORD001459,4,999882,1
34203.010332,4,ORD000784,181,1000223,-1
34203.014507,1,ORD001461,110,999948,1
34203.016031,1,ORD001462,151,1000076,-1
34203.021193,1,ORD001463,28,1000144,1
34203.024560,1,ORD001464,192,1000026,-1
34203.025297,3,ORD001462,126,999819,1
34203.026379,4,ORD000785,168,1000066,-1
34203.026791,1,ORD001467,51,1000069,1
34203.027989,3,ORD000986,48,999922,1
34203.031302,1,ORD001469,67,1000029,1
34203.031533,3,ORD000918,21,999970,1
34203.032181,1,ORD001471,8,1000219,-1
34203.035040,4,ORD000786,16,999956,1
34203.038154,4,ORD000788,25,999936,1
34203.039622,1,ORD001474,125,1000179,-1
34203.040443,1,ORD001475,81,1000059,-1
34203.041394,4,ORD000789,92,1000006,1
34203.043977,3,ORD001325,7,1000147,1
34203.044633,1,ORD001478,95,1000070,1
34203.045922,3,ORD001426,170,1000035,-1
34203.052241,4,ORD000790,5,1000263,-1
34203.054507,1,ORD001481,156,1000087,1
34203.054677,1,ORD001482,122,1000276,-1
34203.057327,1,ORD001483,156,1000038,-1
34203.061506,1,ORD001484,33,1000093,1
34203.063742,1,ORD001485,44,1000167,-1
34203.065298,1,ORD001486,55,999926,1
34203.065485,1,ORD001487,184,999953,-1
34203.070144,1,ORD001488,57,1000307,-1
34203.074700,1,ORD001489,171,999908,1
34203.076055,1,ORD001490,58,1000233,-1
34203.078120,1,ORD001491,184,1000319,-1
34203.080175,1,ORD001492,60,1000053,-1
34203.080411,1,ORD001493,190,1000242,-1
34203.080658,1,ORD001494,33,1000099,-1
34203.080662,1,ORD001495,152,1000113,1
34203.081764,1,ORD001496,174,1000003,-1
34203.082266,1,ORD001497,3,1000214,-1
34203.085653,4,ORD000791,57,1000194,-1
34203.085969,1,ORD001499,154,1000001,1
34203.086232,1,ORD001500,162,1000048,-1
34203.087178,1,ORD001501,40,1000304,-1
34203.090504,1,ORD001502,199,999929,1
34203.091215,1,ORD001503,6,1000118,1
34203.092497,1,ORD001504,194,1000138,-1
34203.093163,4,ORD000794,180,1000118,1
34203.097180,4,ORD000799,182,1000001,1
34203.098347,1,ORD001507,75,1000014,-1
34203.098782,4,ORD000803,93,1000211,1
34203.099727,4,ORD000804,174,1000020,-1
34203.100123,1,ORD001510,31,1000102,1
34203.107118,3,ORD001218,63,999956,-1
34203.108459,1,ORD001512,168,1000220,1
34203.111632,1,ORD001513,200,1000076,1
34203.112276,3,ORD000897,95,999944,-1
34203.112536,1,ORD001515,6,1000139,1
34203.113176,1,ORD001516,152,999931,1
34203.115602,3,ORD000879,147,1000003,-1
34203.118104,3,ORD001361,104,1000197,1
34203.121506,1,ORD001519,17,1000204,-1
34203.124922,1,ORD001520,193,1000224,1
34203.125172,1,ORD001521,2,1000123,1
34203.125252,3,ORD001094,168,999921,1
34203.129065,1,ORD001523,22,999902,1
34203.130638,4,ORD000806,169,999939,-1
34203.135338,1,ORD001525,169,1000218,-1
34203.137713,1,ORD001526,156,1000220,-1
34203.139886,1,ORD001527,61,999863,1
34203.143461,1,ORD001528,155,1000127,1
34203.143736,1,ORD001529,20,1000226,-1
34203.148416,1,ORD001530,117,999987,-1
34203.154050,3,ORD001521,138,999949,1
34203.154677,1,ORD001532,183,1000035,1
34203.156110,1,ORD001533,108,999923,1
34203.157063,3,ORD000933,20,999983,1
34203.159366,1,ORD001535,17,1000113,-1
34203.160178,4,ORD000808,38,1000060,-1
34203.161130,1,ORD001537,32,999931,1
34203.162907,1,ORD001538,25,1000212,-1
34203.163570,4,ORD000815,156,999992,-1
34203.163968,3,ORD000824,123,1000247,-1
34203.166289,3,ORD001390,169,999908,1
34203.168948,1,ORD001542,186,1000171,1
34203.169521,1,ORD001543,181,1000178,-1
34203.172725,1,ORD001544,71,1000163,-1
34203.177874,1,ORD001545,79,1000169,1
34203.178918,3,ORD001527,24,1000268,-1
34203.179467,3,ORD001538,43,1000138,1
34203.180140,1,ORD001548,3,1000161,-1
34203.180433,1,ORD001549,132,1000294,-1
34203.182827,1,ORD001550,4,1000259,-1
34203.182842,4,ORD000818,180,1000217,-1
34203.185146,1,ORD001552,156,1000079,1
34203.189419,4,ORD000819,45,999888,1
34203.195513,1,ORD001554,127,1000145,-1
34203.196337,1,ORD001555,139,1000243,1
34203.197657,1,ORD001556,55,999952,-1
34203.198148,4,ORD000822,165,1000214,-1
34203.202608,3,ORD001294,15,1000137,-1
34203.203405,1,ORD001559,28,999957,-1
34203.204433,4,ORD000823,26,1000075,1
34203.209009,3,ORD001483,32,1000210,-1
34203.209585,1,ORD001562,102,1000152,-1
34203.209987,1,ORD001563,28,1000185,-1
34203.210288,1,ORD001564,2,1000144,-1
34203.210523,1,ORD001565,11,1000029,-1
34203.215148,1,ORD001566,171,999962,1
34203.223289,1,ORD001567,108,1000111,1
34203.225795,1,ORD001568,193,1000352,-1
34203.228384,1,ORD001569,34,1000017,-1
34203.228653,4,ORD000825,129,999967,-1
34203.229776,1,ORD001571,112,1000106,1
34203.232638,4,ORD000828,159,999939,1
34203.235549,1,ORD001573,180,1000085,-1
34203.236834,4,ORD000832,180,1000232,1
34203.238816,3,ORD000876,59,999928,1
34203.239456,3,ORD001068,38,1000085,1
34203.239647,1,ORD001577,98,1000075,1
34203.247484,1,ORD001578,87,1000085,1
34203.249549,1,ORD001579,29,1000104,-1
34203.252035,4,ORD000834,82,999891,1
34203.252512,3,ORD001050,72,1000277,-1
34203.253093,4,ORD000835,94,1000138,-1
34203.255391,1,ORD001583,85,1000041,1
34203.258408,1,ORD001584,61,1000289,-1
34203.258591,4,ORD000839,34,1000179,1
34203.265495,4,ORD000840,50,1000225,1
34203.267425,4,ORD000841,186,1000214,-1
34203.267515,1,ORD001588,108,1000147,1
34203.270364,4,ORD000842,94,1000195,-1
34203.270504,4,ORD000844,135,1000226,-1
34203.272890,4,ORD000845,75,999890,1
34203.275590,1,ORD001592,127,1000313,-1
34203.275746,1,ORD001593,193,1000223,-1
34203.276770,3,ORD001431,53,1000057,-1
34203.277261,1,ORD001595,132,1000096,1
34203.277861,4,ORD000849,76,1000225,1
34203.277954,1,ORD001597,75,999880,1
34203.278605,4,ORD000851,70,999886,1
34203.280134,1,ORD001599,167,1000033,1
34203.280919,1,ORD001600,185,1000024,-1
34203.281704,4,ORD000855,161,999861,1
34203.282093,1,ORD001602,138,1000190,1
34203.285126,1,ORD001603,185,1000235,1
34203.285721,4,ORD000859,114,999966,1
34203.289019,1,ORD001605,40,1000192,-1
34203.289939,4,ORD000860,24,1000217,-1
34203.290357,4,ORD000862,187,1000051,-1
34203.294687,4,ORD000863,176,1000265,-1
34203.295250,1,ORD001609,26,1000327,-1
34203.298550,3,ORD000882,97,1000053,1
34203.301434,1,ORD001611,34,999984,1
34203.307014,1,ORD001612,3,999911,1
34203.310845,1,ORD001613,52,999928,1
34203.312020,4,ORD000864,79,1000026,1
34203.314376,3,ORD001187,6,999886,1
34203.314592,4,ORD000868,37,999964,-1
34203.315566,1,ORD001617,168,1000113,-1
34203.316537,4,ORD000869,126,999953,1
34203.317421,1,ORD001619,31,1000150,-1
34203.321940,1,ORD001620,46,1000085,1
34203.324216,1,ORD001621,171,1000217,1
34203.325072,1,ORD001622,70,1000121,1
34203.328401,4,ORD000875,1,999942,1
34203.329392,1,ORD001624,18,1000017,-1
34203.330045,1,ORD001625,83,999925,1
34203.330814,1,ORD001626,124,1000315,-1
34203.332838,1,ORD001627,168,999985,1
34203.334386,1,ORD001628,137,1000234,-1
34203.336126,1,ORD001629,135,1000255,-1
34203.336621,3,ORD000895,61,1000045,1
34203.337521,3,ORD001244,35,1000016,-1
34203.338416,3,ORD001443,76,1000095,1
34203.345554,4,ORD000877,63,1000067,-1
34203.345804,3,ORD001320,97,1000229,1
34203.346733,3,ORD001485,170,1000151,1
34203.350821,3,ORD001151,38,1000041,1
34203.350981,1,ORD001637,39,1000345,-1
34203.353739,1,ORD001638,121,1000164,-1
34203.355809,1,ORD001639,74,999910,1
34203.355875,3,ORD001321,129,999936,1
34203.358153,1,ORD001641,142,1000318,-1
34203.359547,4,ORD000881,109,999934,1
34203.367173,4,ORD000884,191,999964,1
34203.367579,1,ORD001644,178,1000097,1
34203.368618,1,ORD001645,43,999985,-1
34203.369051,1,ORD001646,27,999897,1
34203.369869,4,ORD000885,73,999941,1
34203.369891,1,ORD001648,49,1000249,-1
34203.370440,3,ORD001387,146,1000156,1
34203.370534,3,ORD001258,24,1000125,-1
34203.373320,1,ORD001651,129,1000066,-1
34203.374200,3,ORD001314,180,1000212,1
34203.378736,1,ORD001653,129,1000263,1
34203.379699,1,ORD001654,75,999949,1
34203.384028,1,ORD001655,184,999985,1
34203.386152,1,ORD001656,129,1000131,1
34203.387634,1,ORD001657,115,1000034,-1
34203.391509,1,ORD001658,11,1000331,-1
34203.391978,1,ORD001659,40,1000157,1
34203.395244,1,ORD001660,197,1000025,1
34203.398286,4,ORD000888,128,999915,1
34203.398638,4,ORD000889,148,1000152,-1
34203.399235,1,ORD001663,66,1000360,-1
34203.399537,3,ORD001200,146,1000119,1
34203.400562,1,ORD001665,113,1000057,1
34203.401315,1,ORD001666,175,1000081,1
34203.405482,3,ORD001158,159,1000199,1
34203.407888,4,ORD000891,40,999923,1
34203.411734,1,ORD001669,100,1000108,1
34203.412999,4,ORD000892,28,1000015,-1
34203.415922,3,ORD001257,103,1000042,1
34203.427197,4,ORD000899,55,1000333,-1
34203.427275,1,ORD001673,121,999952,1
34203.427339,1,ORD001674,16,1000163,-1
34203.427819,1,ORD001675,6,1000266,1
34203.429839,4,ORD000903,37,999913,1
34203.433939,4,ORD000905,172,1000014,1
34203.434776,1,ORD001678,43,1000086,-1
34203.436067,1,ORD001679,179,1000108,1
34203.437053,4,ORD000906,144,1000285,1
34203.438970,1,ORD001681,171,1000368,-1
34203.439731,1,ORD001682,118,999968,1
34203.442871,1,ORD001683,68,1000259,-1
34203.448612,1,ORD001684,163,1000123,1
34203.448686,4,ORD000907,108,1000249,1
34203.449173,4,ORD000908,49,1000242,1
34203.449206,1,ORD001687,129,1000059,-1
34203.450424,1,ORD001688,91,1000176,-1
34203.457728,1,ORD001689,30,1000086,-1
34203.459338,1,ORD001690,139,1000119,1
34203.461671,1,ORD001691,163,1000141,-1
34203.466397,3,ORD000931,23,999949,1
34203.468313,1,ORD001693,27,1000250,-1
34203.469886,1,ORD001694,129,1000293,-1
34203.473704,1,ORD001695,58,1000293,1
34203.474139,1,ORD001696,32,1000175,-1
34203.475204,1,ORD001697,2,1000187,-1
34203.475827,4,ORD000909,79,1000208,-1
34203.475893,1,ORD001699,40,1000090,1
34203.478597,1,ORD001700,86,1000086,-1
34203.479151,1,ORD001701,50,1000314,-1
34203.482383,1,ORD001702,33,1000324,-1
34203.483415,4,ORD000910,133,1000080,-1
34203.484819,1,ORD001704,196,1000314,-1
34203.485165,3,ORD001374,53,1000040,-1
34203.485188,1,ORD001706,8,1000209,1
34203.485352,1,ORD001707,7,1000373,-1
34203.487365,4,ORD000913,48,1000115,-1
34203.488898,1,ORD001709,186,1000288,1
34203.489502,1,ORD001710,71,999931,1
34203.491536,4,ORD000914,29,1000124,1
34203.492200,1,ORD001712,24,999922,1
34203.495844,1,ORD001713,26,1000234,-1
34203.497177,1,ORD001714,54,1000234,1
34203.499185,1,ORD001715,42,1000075,-1
34203.501341,1,ORD001716,31,1000058,1
34203.503245,1,ORD001717,41,1000150,1
34203.503673,1,ORD001718,138,999894,1
34203.504161,3,ORD001085,30,1000094,-1
34203.504657,1,ORD001720,69,1000023,1
34203.505514,1,ORD001721,120,1000364,-1
34203.511364,1,ORD001722,65,999971,1
34203.513892,1,ORD001723,27,1000281,-1
34203.514254,1,ORD001724,185,1000132,1
34203.516068,3,ORD001329,82,1000301,-1
34203.517190,1,ORD001726,96,1000306,-1
34203.521595,1,ORD001727,151,1000192,-1
34203.523667,3,ORD001714,102,999998,-1
34203.524446,3,ORD001583,92,1000008,1
34203.525375,3,ORD001259,200,1000043,1
34203.527707,1,ORD001731,55,1000221,-1
34203.528236,1,ORD001732,99,1000028,1
34203.528453,1,ORD001733,184,1000294,-1
34203.530679,1,ORD001734,175,1000370,-1
34203.531121,3,ORD001219,127,1000138,1
34203.532214,1,ORD001736,116,999970,1
34203.532754,1,ORD001737,73,999892,1
34203.541592,1,ORD001738,73,1000050,-1
34203.546115,3,ORD001419,87,1000213,1
34203.546315,1,ORD001740,186,1000137,-1
34203.547338,3,ORD001240,127,1000296,-1
34203.549723,4,ORD000915,127,1000311,-1
34203.555274,3,ORD000935,8,999998,1
34203.555573,4,ORD000920,177,1000354,-1
34203.558148,1,ORD001745,138,999982,-1
34203.558750,4,ORD000921,29,999904,1
34203.561079,4,ORD000924,70,1000337,-1
34203.561334,1,ORD001748,38,1000369,-1
34203.565851,4,ORD000932,172,1000046,-1
34203.568016,4,ORD000934,83,1000384,-1
34203.570923,4,ORD000936,91,1000172,1
34203.573581,3,ORD001464,178,999936,1
34203.573705,1,ORD001753,172,1000007,1
34203.575043,1,ORD001754,54,1000299,-1
34203.575794,1,ORD001755,182,1000229,-1
34203.576018,1,ORD001756,57,1000083,1
34203.577955,1,ORD001757,200,1000101,1
34203.578314,3,ORD001437,148,1000328,-1
34203.582492,4,ORD000943,62,999905,1
34203.583786,3,ORD001513,91,1000122,-1
34203.583961,1,ORD001761,55,1000064,-1
34203.584773,3,ORD001611,70,1000176,-1
34203.585738,4,ORD000946,50,1000137,-1
34203.587246,3,ORD001008,133,1000206,-1
34203.589325,3,ORD000988,57,999943,1
34203.591037,3,ORD001190,17,1000157,1
34203.595322,3,ORD001691,101,1000186,-1
34203.598797,4,ORD000948,127,1000090,-1
34203.599476,3,ORD001488,188,999996,-1
34203.604243,1,ORD001770,190,1000151,-1
34203.604617,1,ORD001771,43,999990,1
34203.611170,3,ORD001231,110,1000166,-1
34203.615431,1,ORD001773,174,1000284,1
34203.622414,4,ORD000952,126,1000021,1
34203.624089,1,ORD001775,59,1000253,-1
34203.627075,1,ORD001776,78,1000261,1
34203.627939,1,ORD001777,170,1000234,-1
34203.631457,1,ORD001778,182,1000155,-1
34203.635346,1,ORD001779,29,1000123,-1
34203.635388,1,ORD001780,57,1000322,-1
34203.635450,4,ORD000953,93,1000090,-1
34203.637487,1,ORD001782,161,1000334,-1
34203.646224,1,ORD001783,68,1000234,1
34203.648003,3,ORD001502,80,1000084,-1
34203.650423,1,ORD001785,111,1000119,1
34203.651276,4,ORD000955,3,1000142,1
34203.652757,1,ORD001787,160,1000266,-1
34203.653437,3,ORD001262,4,1000213,-1
34203.656928,1,ORD001789,14,1000131,1
34203.659087,3,ORD001265,13,1000009,1
34203.662164,1,ORD001791,23,1000246,1
34203.662602,3,ORD001347,75,999993,1
34203.663174,4,ORD000956,109,1000185,-1
34203.668231,1,ORD001794,45,1000267,-1
34203.671494,4,ORD000960,175,1000272,1
34203.671939,1,ORD001796,22,1000138,-1
34203.673517,3,ORD001448,112,1000035,-1
34203.675887,1,ORD001798,120,1000167,-1
34203.676943,1,ORD001799,144,999899,1
34203.679763,4,ORD000962,63,1000283,-1
34203.684366,4,ORD000964,14,1000379,-1
34203.685609,3,ORD001646,14,1000026,-1
34203.685835,1,ORD001803,75,1000172,1
34203.685961,1,ORD001804,180,999987,1
34203.692800,4,ORD000965,58,1000228,1
34203.693545,4,ORD000967,125,1000212,1
34203.693877,4,ORD000969,134,999932,1
34203.697454,1,ORD001808,101,1000001,-1
34203.698776,1,ORD001809,61,1000152,1
34203.699932,4,ORD000971,111,999947,1
34203.700307,1,ORD001811,122,1000115,1
34203.706700,1,ORD001812,95,1000311,-1
34203.709917,3,ORD001285,107,1000187,-1
34203.711139,1,ORD001814,3,1000267,-1
34203.715613,1,ORD001815,11,1000151,-1
34203.718181,1,ORD001816,3,1000051,-1
34203.719580,4,ORD000972,181,1000238,-1
34203.719908,4,ORD000973,118,1000346,-1
34203.725048,1,ORD001819,166,1000126,1
34203.727200,1,ORD001820,34,1000336,-1
34203.728056,3,ORD001723,18,1000002,-1
34203.728402,1,ORD001822,171,999933,1
34203.729185,4,ORD000974,198,1000254,1
34203.731790,4,ORD000975,194,1000189,-1
34203.732033,1,ORD001825,114,1000262,1
34203.732093,1,ORD001826,83,999927,1
34203.741089,1,ORD001827,51,1000001,1
34203.741600,4,ORD000977,112,1000142,1
34203.741649,1,ORD001829,53,999897,1
34203.742540,1,ORD001830,146,1000259,-1
34203.744834,1,ORD001831,49,1000086,-1
34203.745702,1,ORD001832,18,1000104,1
34203.745849,4,ORD000979,33,1000280,1
34203.746373,1,ORD001834,6,1000099,-1
34203.749896,3,ORD001157,181,1000168,-1
34203.756787,1,ORD001836,137,1000179,1
34203.758676,3,ORD001706,103,1000301,-1
34203.763124,3,ORD001359,68,1000319,-1
34203.764218,3,ORD001212,86,1000276,1
34203.765803,4,ORD000991,194,1000324,-1
34203.765954,1,ORD001841,89,999926,1
34203.767850,1,ORD001842,142,1000135,1
34203.767935,1,ORD001843,128,1000149,1
34203.769234,3,ORD001794,6,999918,1
34203.772569,1,ORD001845,175,1000340,-1
34203.772677,1,ORD001846,179,1000054,-1
34203.772973,1,ORD001847,31,1000305,-1
34203.773404,1,ORD001848,15,1000111,-1
34203.773919,4,ORD000992,4,1000258,1
34203.774190,1,ORD001850,73,999903,1
34203.778612,1,ORD001851,34,1000291,-1
34203.780750,1,ORD001852,65,1000159,1
34203.784108,1,ORD001853,114,1000246,1
34203.785711,1,ORD001854,135,1000017,1
34203.785931,1,ORD001855,106,1000342,-1
34203.786095,1,ORD001856,134,999999,1
34203.786357,1,ORD001857,10,1000001,1
34203.787566,1,ORD001858,6,1000136,1
34203.789341,1,ORD001859,22,1000011,-1
34203.790708,3,ORD001220,99,1000208,-1
34203.791662,4,ORD000995,137,1000007,-1
34203.797199,1,ORD001862,68,1000367,-1
34203.798033,1,ORD001863,110,1000382,-1
34203.798150,1,ORD001864,142,1000080,1
34203.798828,1,ORD001865,109,1000275,-1
34203.799430,4,ORD000997,120,1000363,-1
34203.800089,1,ORD001867,22,1000099,-1
34203.801782,1,ORD001868,158,1000012,1
34203.804833,1,ORD001869,32,1000029,1
34203.805447,3,ORD001013,114,1000108,1
34203.806704,4,ORD001001,123,1000298,-1
34203.808437,1,ORD001872,71,1000175,1
34203.809598,1,ORD001873,197,1000104,-1
34203.810114,4,ORD001002,38,1000179,1
34203.810192,3,ORD001737,149,1000135,-1
34203.810710,1,ORD001876,66,999981,-1
34203.811582,4,ORD001009,154,999993,1
34203.811822,1,ORD001878,61,999981,1
34203.815282,1,ORD001879,19,1000305,-1
34203.815332,1,ORD001880,86,1000185,-1
34203.821043,4,ORD001012,160,999992,-1
34203.825901,1,ORD001882,28,1000182,1
34203.828417,4,ORD001014,56,1000164,-1
34203.829376,1,ORD001884,20,999979,1
34203.831367,3,ORD001569,138,1000340,-1
34203.834568,1,ORD001886,169,1000233,-1
34203.835001,1,ORD001887,63,1000133,-1
34203.835900,1,ORD001888,81,1000348,-1
34203.837078,1,ORD001889,93,1000005,-1
34203.841999,1,ORD001890,155,1000082,-1
34203.843684,1,ORD001891,138,999990,1
34203.845442,1,ORD001892,156,999998,1
34203.845693,1,ORD001893,108,1000223,-1
34203.847696,3,ORD001141,47,1000097,1
34203.848781,3,ORD001056,191,1000016,-1
34203.852370,4,ORD001016,177,999950,1
34203.857388,1,ORD001897,91,1000036,-1
34203.859877,1,ORD001898,87,1000043,1
34203.870154,1,ORD001899,19,1000249,1
34203.874985,1,ORD001900,190,1000194,-1
34203.875275,1,ORD001901,186,1000263,1
34203.876699,1,ORD001902,2,1000174,1
34203.877907,1,ORD001903,113,1000061,-1
34203.883700,4,ORD001022,60,1000023,1
34203.888252,1,ORD001905,74,1000142,-1
34203.894389,1,ORD001906,189,1000251,1
34203.896101,4,ORD001023,26,1000154,-1
34203.897434,1,ORD001908,44,1000022,1
34203.899298,4,ORD001026,60,1000216,1
34203.902948,1,ORD001910,8,1000188,1
34203.904500,4,ORD001027,2,1000132,1
34203.905163,1,ORD001912,188,1000205,-1
34203.905861,4,ORD001029,184,1000239,1
34203.907221,4,ORD001032,36,1000023,1
34203.910477,1,ORD001915,187,999920,1
34203.911123,1,ORD001916,181,1000234,1
34203.912259,1,ORD001917,49,1000267,-1
34203.912332,1,ORD001918,63,999952,1
34203.912829,1,ORD001919,68,1000122,1
34203.915474,4,ORD001033,34,1000083,-1
34203.919366,3,ORD001625,1,1000110,1
34203.921256,1,ORD001922,10,1000102,1
34203.923250,1,ORD001923,164,1000066,1
34203.923647,1,ORD001924,60,1000137,-1
34203.925635,4,ORD001036,140,1000234,-1
34203.926723,4,ORD001037,84,1000113,-1
34203.932985,4,ORD001039,89,1000247,1
34203.936652,4,ORD001041,154,1000206,-1
34203.938068,1,ORD001929,16,1000281,-1
34203.938832,1,ORD001930,114,1000211,-1
34203.939457,1,ORD001931,87,1000219,1
34203.940512,4,ORD001042,138,999999,1
34203.942399,3,ORD001787,155,1000179,1
34203.942442,1,ORD001934,24,1000402,-1
34203.945354,1,ORD001935,168,999928,1
34203.945796,4,ORD001045,138,1000105,1
34203.950627,4,ORD001047,106,1000108,-1
34203.950700,3,ORD001489,194,1000157,1
34203.953834,4,ORD001051,41,1000032,1
34203.953903,1,ORD001940,97,1000220,1
34203.958088,1,ORD001941,20,999922,1
34203.960726,1,ORD001942,4,1000265,1
34203.961056,1,ORD001943,50,1000295,-1
34203.962163,4,ORD001053,78,1000025,1
34203.963880,3,ORD001497,75,1000214,-1
34203.965526,4,ORD001058,73,1000354,-1
34203.975495,4,ORD001061,96,1000375,-1
34203.977220,1,ORD001948,102,1000276,1
34203.978876,1,ORD001949,86,1000055,-1
34203.979076,4,ORD001064,54,1000132,1
34203.980993,1,ORD001951,134,1000354,-1
34203.981115,1,ORD001952,65,1000194,-1
34203.981441,1,ORD001953,177,1000273,-1
34203.982065,1,ORD001954,194,1000171,1
34203.982816,1,ORD001955,83,1000120,1
34203.986729,1,ORD001956,27,1000101,1
34203.989558,3,ORD001278,134,1000267,1
34203.990709,1,ORD001958,10,1000101,1
34203.992196,4,ORD001070,192,1000164,1
34203.993340,1,ORD001960,185,1000323,-1
34203.997746,4,ORD001071,37,1000025,1
34204.003819,1,ORD001962,133,1000295,-1
34204.009323,1,ORD001963,43,1000154,1
34204.010088,3,ORD001077,39,1000126,1
34204.010835,3,ORD001559,52,1000241,1
34204.011639,4,ORD001074,160,1000125,1
34204.013277,3,ORD001281,89,1000217,1
34204.013919,1,ORD001968,150,1000369,-1
34204.014952,4,ORD001076,144,1000273,-1
34204.015283,4,ORD001078,72,999995,1
34204.017053,1,ORD001971,85,1000304,-1
34204.017702,3,ORD001338,54,1000096,-1
34204.026738,3,ORD001592,158,999985,1
34204.030890,3,ORD001892,20,1000036,-1
34204.032049,4,ORD001080,84,1000164,-1
34204.033048,1,ORD001976,181,1000259,-1
34204.033811,1,ORD001977,155,1000026,1
34204.037397,1,ORD001978,112,1000203,1
34204.037974,4,ORD001081,143,1000139,1
34204.041841,1,ORD001980,187,1000235,-1
34204.054173,1,ORD001981,98,1000109,1
34204.054195,1,ORD001982,93,1000287,-1
34204.054991,1,ORD001983,65,1000275,-1
34204.055059,1,ORD001984,165,1000263,-1
34204.057496,1,ORD001985,161,1000047,-1
34204.061474,4,ORD001084,156,1000341,-1
34204.064251,3,ORD001980,10,1000117,1
34204.066750,1,ORD001988,34,999970,1
34204.066865,1,ORD001989,81,999977,1
34204.070694,1,ORD001990,86,1000272,1
34204.073165,1,ORD001991,133,1000035,-1
34204.076802,1,ORD001992,17,1000026,1
34204.079413,3,ORD001717,45,1000155,1
34204.079856,1,ORD001994,45,1000353,-1
34204.079862,3,ORD001584,144,1000207,-1
34204.081542,3,ORD001174,145,1000165,1
34204.081945,1,ORD001997,48,1000090,1
34204.084856,4,ORD001086,56,1000254,1
34204.085592,1,ORD001999,192,1000311,1
